Country,Year,Avg Temperature (Â°C),Sea Level Rise (mm),Rainfall (mm),Population,Renewable Energy (%),Extreme Weather Events,Forest Area (%),CO2 Emissions (Tons/Capita),Country_Argentina,Country_Australia,Country_Brazil,Country_Canada,Country_China,Country_France,Country_Germany,Country_India,Country_Indonesia,Country_Japan,Country_Mexico,Country_Russia,Country_South Africa,Country_UK,Country_USA,Predicted CO2 (Normalized),Predicted CO2 (Original),Actual CO2 (Original)
Argentina,2000,-0.4972203171794296,1.2132691440752466,0.6720367287554022,-0.45011441055859874,-1.3195397939489633,1.2287245529146402,-1.7961485939578234,-1.633395198800363,1,0,0,0,0,0,0,0,0,0,0,0,0,0,0,-0.2178645106270185,9.60941089260755,3.9000000000000004
Argentina,2001,0.3556511579010722,0.18876831914209521,1.1854548408304009,0.49323402701328867,-0.4498254148325368,-0.9572132711476299,-1.410882234664297,0.5235903849581133,1,0,0,0,0,0,0,0,0,0,0,0,0,0,0,0.011463468713749592,10.534383889778997,12.6
Argentina,2002,0.18272642968593097,-1.1605742307698605,-1.024173928880996,0.2942280418758344,-0.9475864745784163,0.38797923596761325,0.01781384771586355,1.143413828566871,1,0,0,0,0,0,0,0,0,0,0,0,0,0,0,0.15081917162300407,11.096462108771057,15.1
Argentina,2003,-1.6556481081352286,-2.160087230704643,-2.142108448712574,1.8014178968646584,-0.6193923692514628,1.9013208064722618,-1.892465183781205,1.4905149569877751,1,0,0,0,0,0,0,0,0,0,0,0,0,0,0,0.09254541915844161,10.861420367992107,16.5
Argentina,2004,-1.2191390854562318,-1.5978611682413277,-0.7023592973971492,0.8168575347713827,-0.4224759060552907,-2.302405778262873,0.21847340984790856,-1.2862940703794588,1,0,0,0,0,0,0,0,0,0,0,0,0,0,0,0.14512780882293885,11.073506528199077,5.3
Argentina,2005,-0.9370871015713417,-0.12357949333752416,0.060430497117516996,0.6000349002368516,-0.6872191510190329,-0.1736386357530008,-0.07288427436782101,-0.23259421624457075,1,0,0,0,0,0,0,0,0,0,0,0,0,0,0,-0.04317865921431885,10.313989967560078,9.55
Argentina,2006,0.4849249838483135,0.8134639441013339,-0.556304964646788,0.227716735669633,0.7174516197803275,0.6402028310517213,0.48976513785043363,0.3946671086874918,1,0,0,0,0,0,0,0,0,0,0,0,0,0,0,0.16559932835837987,11.156076491252794,12.08
Argentina,2007,-2.041790705120495,-1.7852698557290994,-1.5638323109077543,-1.7099085231530637,-1.1663825447963851,0.8924264261358295,1.4384835476107425,2.3334748402956853,1,0,0,0,0,0,0,0,0,0,0,0,0,0,0,0.06188668112508289,10.73776121009201,19.9
Argentina,2008,0.15082769341323543,0.2137561441404648,-0.2631070803933512,0.9094187875800799,0.9559393363179135,0.28708979793396977,-0.36424195858355,-0.418541249327198,1,0,0,0,0,0,0,0,0,0,0,0,0,0,0,0.18314680603647382,11.2268526044308,8.8
Argentina,2009,-0.35115768266761127,0.5635856941176383,0.12213969045312695,0.1180259611850184,-0.5285920001110055,-0.22744633603761055,0.42475143971965085,-0.882169185146549,1,0,0,0,0,0,0,0,0,0,0,0,0,0,0,-0.010412134840575682,10.446150684904717,6.93
Argentina,2010,-0.7826300627772351,-1.0356351057780127,-0.5112509162390495,-0.20594562605847044,-0.9038272605348222,-0.11646795420060296,0.13820958499509056,-0.6912635645150514,1,0,0,0,0,0,0,0,0,0,0,0,0,0,0,0.07604035370752626,10.794848727224458,7.7
Argentina,2012,0.18272642968593097,-0.6608177308024697,-2.060912141692034,-0.020311655961212236,-0.6686214850505058,0.051681109188802435,-1.9205575224796911,-0.5301094691767746,1,0,0,0,0,0,0,0,0,0,0,0,0,0,0,0.22992397402426157,11.415523944915439,8.35
Argentina,2013,1.2521735352494734,0.5885735191160079,-0.5241235014984034,0.7486789301023864,-0.31088991024412654,0.21983017257820783,-0.7928507832975984,-0.3392038485452774,1,0,0,0,0,0,0,0,0,0,0,0,0,0,0,0.16415576567155377,11.150254015910374,9.12
Argentina,2014,1.0926798538859939,0.08881701914861692,1.1512929799498077,0.4238629304208386,-1.385178615014354,-1.797958588094657,0.8501497114395861,1.002094083424074,1,0,0,0,0,0,0,0,0,0,0,0,0,0,0,0.053335442352963724,10.703270586752838,14.53
Argentina,2015,0.14075440827448896,1.5880865190507896,2.0860407095521194,-0.8298815533522491,2.4546924173110014,-1.4616604613158461,-1.7158847691050054,0.5731762604468141,1,0,0,0,0,0,0,0,0,0,0,0,0,0,0,0.1786465369721606,11.208701189254763,12.8
Argentina,2016,-0.9505181484230031,0.5261039566200841,0.1977314718915174,0.6267306449153169,-0.22555944285911853,-1.6298095247052515,0.5836738129282303,0.4740045094694128,1,0,0,0,0,0,0,0,0,0,0,0,0,0,0,0.001119887322297508,10.49266401979784,12.4
Argentina,2018,1.5291888765649904,1.8004830315369307,0.7479453738309457,-0.5661896774400441,1.3464903216569881,-0.6780858259212169,0.1807494121670842,0.9525082079353736,1,0,0,0,0,0,0,0,0,0,0,0,0,0,0,0.2420519505577241,11.464441006130688,14.33
Argentina,2019,-0.1396186947539433,-0.6233359933049156,0.32744752335116023,0.6008083469413295,0.441768571305687,0.3308085544152154,1.1198361629450546,-1.045802574259261,1,0,0,0,0,0,0,0,0,0,0,0,0,0,0,0.17550311024252174,11.196022470975986,6.27
Argentina,2020,-1.727839984962909,0.5885735191160079,-0.6772676581300701,0.19908174410726232,0.47458798183838197,-0.6780858259212169,0.8365048612146074,0.1839271378605143,1,0,0,0,0,0,0,0,0,0,0,0,0,0,0,0.04051692207795021,10.651568281817497,11.23
Argentina,2021,-0.6600717602558244,-0.03612210584323094,0.47861128225061866,-0.9209979491017192,0.45599031586985483,-1.797958588094657,-1.1941699075616885,-0.15325681546265013,1,0,0,0,0,0,0,0,0,0,0,0,0,0,0,0.15831380468984868,11.126691011630914,9.87
Argentina,2022,-0.4048818700742571,0.27622570663638846,-0.5785844391341313,0.4418327069325238,-0.8545981447357792,-0.28461701759000835,-1.0577214053118977,-0.17061187188369498,1,0,0,0,0,0,0,0,0,0,0,0,0,0,0,0.03702880914527373,10.637499303914822,9.8
Argentina,2023,0.12900224227928517,0.6760309066103011,0.9057236611559801,-0.6349539462956153,0.9143680829765,0.4989576178046208,-0.07850274210751829,0.4442529841761922,1,0,0,0,0,0,0,0,0,0,0,0,0,0,0,0.14456357870741332,11.071230758698327,12.28
Australia,2000,-1.3316241028388964,-0.9481777182837196,0.6449646917561148,0.47932647212390145,-0.21790158040148958,0.7814480442988219,1.3927331674446362,-0.004499188996547971,0,1,0,0,0,0,0,0,0,0,0,0,0,0,0,-0.9087839939455948,6.822651653170424,10.47
Australia,2001,-0.16144414588789358,0.5261039566200841,-0.08249480721595526,-0.0933876835068448,-0.28025846041361074,-0.28461701759000835,-0.018304873467904784,-0.24499068511674607,0,1,0,0,0,0,0,0,0,0,0,0,0,0,0,-0.8486933594751953,7.065021617916102,9.5
Australia,2002,0.5302547669726708,-0.1610612308350788,0.19129517926184048,-0.5907945078601146,-0.31088991024412654,0.13575564088350514,-0.39313693553056445,-0.3937483115828478,0,1,0,0,0,0,0,0,0,0,0,0,0,0,0,-0.7539773181112244,7.447049929125629,8.9
Australia,2003,0.42616415387229445,0.2137561441404648,1.2324892869703477,-0.14377267170044453,-0.4148180435976617,-0.9000425895952321,0.24817102504345104,0.7219338869129158,0,1,0,0,0,0,0,0,0,0,0,0,0,0,0,-0.8399250421813491,7.100387807208632,13.4
Australia,2004,-0.8800051524517806,-0.935683805784535,-1.0120935027145255,-0.09466467995922634,-0.7397302078713455,-0.3182468302678893,-0.14592435498388512,-0.6962221520639217,0,1,0,0,0,0,0,0,0,0,0,0,0,0,0,-0.7869243316946744,7.314161225402094,7.68
Australia,2005,2.4408211816215104,2.2127821440100286,0.6066836035925288,0.18928160212097475,-1.308599990438065,0.5561282993570186,2.112699676374413,-1.6086022610560127,0,1,0,0,0,0,0,0,0,0,0,0,0,0,0,-0.891033881327016,6.8942450754651405,4.0
Australia,2006,0.09038798258075845,0.7135126441078556,-1.8509899820779558,-1.8104851118682472,1.3169528521775629,-2.4705548416522785,-1.162064377620561,-2.1540468914317192,0,1,0,0,0,0,0,0,0,0,0,0,0,0,0,-0.506846487295153,8.443829065847279,1.8000000000000007
Australia,2008,-0.11107772019416305,-0.03612210584323094,0.09078999435226989,1.8468688737143928,0.5511666064146714,0.051681109188802435,-0.24705677429843564,-0.4929200625602491,0,1,0,0,0,0,0,0,0,0,0,0,0,0,0,-0.7679649761078302,7.390632016327888,8.5
Australia,2010,0.3304679450542066,1.0008726315891054,1.1988225255228067,0.3389739930471607,-0.7692676773507713,-0.34178769914240614,0.20001273013176069,-1.6160401423793176,0,1,0,0,0,0,0,0,0,0,0,0,0,0,0,-0.9414061894683909,6.69107307277315,3.9700000000000006
Australia,2011,-0.2856813292657616,0.08881701914861692,0.447063546376541,0.830546166426599,0.7502710303130232,-0.9908430838255109,-0.01429168222526354,0.3946671086874918,0,1,0,0,0,0,0,0,0,0,0,0,0,0,0,-0.742108968641956,7.494919808813335,12.08
Australia,2012,-0.472037104332564,1.0258604565874752,0.03830945444875028,0.03472069453648437,-0.25837885339181393,-0.11646795420060296,1.3060482366035924,-1.4474481657177356,0,1,0,0,0,0,0,0,0,0,0,0,0,0,0,-0.893393739376882,6.8847268083110045,4.65
Australia,2014,1.232026964971981,1.0883300190833987,-2.215383164804281,0.23544379222971806,0.7918422836544368,2.2376189332510728,-0.28718868672484466,-2.1044610159430186,0,1,0,0,0,0,0,0,0,0,0,0,0,0,0,-0.5867203810441612,8.121665171545526,2.0
Australia,2015,-2.293622833589147,0.2137561441404648,1.1156458207700586,-0.9256363367795318,2.432812810289204,-0.45276608097941373,-1.9085179487517687,-2.22842570466477,0,1,0,0,0,0,0,0,0,0,0,0,0,0,0,-0.7743500428676091,7.364878445590858,1.5
Australia,2016,0.25827606822652643,1.363196094065464,-0.714241683790399,-0.022171520465497564,-0.11616140775013403,-0.032393422505900264,-0.4637691014010445,0.7417682371083961,0,1,0,0,0,0,0,0,0,0,0,0,0,0,0,-0.7963989932883822,7.275946062312489,13.48
Australia,2017,1.0893220921730786,-1.535391605745404,-1.044968105069183,0.20108646070813124,-1.9157590852929287,-1.4616604613158461,-0.2510699655410769,-1.3234834769959842,0,1,0,0,0,0,0,0,0,0,0,0,0,0,0,-0.6313482300250639,7.941662908638735,5.15
Australia,2018,-0.19837952472996234,-0.3859516558204044,-0.8969333745866135,1.3159930740687673,-0.9804058851111113,-1.3775859296211435,-0.8072982717711057,0.3004539452589604,0,1,0,0,0,0,0,0,0,0,0,0,0,0,0,-0.7717125777456344,7.375516414956048,11.7
Australia,2019,0.016517224896620896,-0.2610125308285571,1.2170421846591226,-1.2878334237352729,0.608053584671343,1.1614649275588782,0.11252516104218878,-0.7755595528458424,0,1,0,0,0,0,0,0,0,0,0,0,0,0,0,-0.7276320053811949,7.55331128871797,7.36
Australia,2020,0.08199357829847052,0.7385004691062252,-0.8672274086034891,0.5776015725390389,-0.6576816815396072,-0.36869154928471104,-0.11221354854570142,-0.28218009173327163,0,1,0,0,0,0,0,0,0,0,0,0,0,0,0,-0.8019487503543283,7.253561635250348,9.35
Australia,2021,0.8458843679867145,1.338208269067094,2.383100369383363,-1.4353405966921355,1.9952206698532662,-2.1342567148734677,2.209016266197795,-1.38546582135686,0,1,0,0,0,0,0,0,0,0,0,0,0,0,0,-0.6281010781454439,7.95475999262734,4.9
Australia,2022,-0.2571403547059814,1.1757874065776925,-0.09372366235757638,-0.1065879924279596,-0.9366466710675176,0.7814480442988219,0.3123820849257058,0.33268476432661603,0,1,0,0,0,0,0,0,0,0,0,0,0,0,0,-0.9349166920267198,6.71724785491711,11.83
Australia,2023,-1.4038159796665766,-0.9106959807861654,0.4007222394428669,1.1015399945291409,-1.3195397939489633,-0.7890642077582245,-1.3145656448409155,-0.31936949834979717,0,1,0,0,0,0,0,0,0,0,0,0,0,0,0,-0.9348179843151474,6.717645983257487,9.2
Brazil,2000,1.9035793075550531,0.8384517690997035,-1.7915780501117073,-1.5280390357504845,0.0807550554460381,0.5561282993570186,-1.531277971943524,1.0194491398451193,0,0,1,0,0,0,0,0,0,0,0,0,0,0,0,0.47450312440586817,12.40201111680107,14.6
Brazil,2001,-0.4552482957679876,0.5261039566200841,-0.42708401262019724,-0.24656271727660017,-0.7616098148931423,1.7331717430828564,0.3107768084286492,0.21367866315373446,0,0,1,0,0,0,0,0,0,0,0,0,0,0,0,0.09920996953484984,10.88830120980734,11.35
Brazil,2002,-0.9387659824277993,-0.03612210584323094,0.8304685473320652,-0.45597137374268554,0.9340597292961171,0.5561282993570186,-0.9429441357723679,0.14425843746955375,0,0,1,0,0,0,0,0,0,0,0,0,0,0,0,0.2148917872539311,11.354893022814423,11.07
Brazil,2003,-0.4048818700742571,0.33869526913231207,-0.18151469382636962,-0.5610055077038482,0.7754325783880893,0.21983017257820783,0.03787980392906805,0.5607797915746388,0,0,1,0,0,0,0,0,0,0,0,0,0,0,0,0.2873194196958515,11.64702311723385,12.75
Brazil,2004,-0.5811643600023136,0.9633908940915509,-0.13200475052116245,-0.04389035740153889,-2.293182306418925,-0.11646795420060296,-1.049695022826616,-0.09623305865064434,0,0,1,0,0,0,0,0,0,0,0,0,0,0,0,-0.05994211240646763,10.24637614395836,10.1
Brazil,2005,2.4408211816215104,0.8384517690997035,0.8403705359931067,-2.0518495119613926,0.19015309055502258,-1.4616604613158461,0.4913704143474897,-1.3606728836125097,0,0,1,0,0,0,0,0,0,0,0,0,0,0,0,0.45736775438174426,12.332897201375584,5.0
Brazil,2006,0.39762317931251423,-0.41093948081877396,1.2588879887406839,0.26123547229705846,0.33565247724997177,-0.34178769914240614,0.07159061036725176,0.30789182658226577,0,0,1,0,0,0,0,0,0,0,0,0,0,0,0,0.2942979256832885,11.675170269698778,11.73
Brazil,2007,0.913039602245022,-0.9106959807861654,0.6799583196842354,-1.7342942796567862,1.3497722627102577,-1.4616604613158461,-1.3466711747820426,2.3334748402956853,0,0,1,0,0,0,0,0,0,0,0,0,0,0,0,0.563930909418116,12.762709739668487,19.9
Brazil,2008,0.12396559970991251,0.9134152440948117,0.0509839999348835,-0.6680559310192407,0.3170548112814446,-0.7890642077582245,1.0387696998437086,-0.40366548668058816,0,0,1,0,0,0,0,0,0,0,0,0,0,0,0,0.2737037051406581,11.592105403586558,8.86
Brazil,2009,1.9539457332487835,0.7135126441078556,-1.10636043476764,-1.8166370504054477,-0.4224759060552907,0.5561282993570186,-2.0369400685162775,-0.2945765606054465,0,0,1,0,0,0,0,0,0,0,0,0,0,0,0,0.4313761979515318,12.228062684795816,9.3
Brazil,2010,-0.5778065982893977,0.7135126441078556,-0.07774185265865519,0.28034010230959444,-0.6478358583797985,-0.7218045824024624,-0.28879396322190126,0.4392943966273222,0,0,1,0,0,0,0,0,0,0,0,0,0,0,0,0.12811736952983566,11.004896509215024,12.26
Brazil,2011,0.4379163198674983,0.16378049414372564,0.451935324797773,0.7874314619189758,-0.3469912618300912,0.4115201048421301,-0.3032414516954085,-0.22267704114683085,0,0,1,0,0,0,0,0,0,0,0,0,0,0,0,0.22145584210763314,11.38136852531996,9.59
Brazil,2012,0.4429529624368715,-1.0731168432755673,1.1295086048955167,-0.4292365806503806,2.188855191996169,-0.45276608097941373,-1.1034717854780038,0.2756610075146102,0,0,1,0,0,0,0,0,0,0,0,0,0,0,0,0.5517611244867746,12.71362404818316,11.6
Brazil,2013,0.5655112649582822,0.12629875664617102,0.7195662743284011,-0.45020371710250184,-0.5242160787066462,0.6671066811940262,0.2289077070787751,1.0120112585218144,0,0,1,0,0,0,0,0,0,0,0,0,0,0,0,0.2306355592044973,11.418394057314272,14.57
Brazil,2014,0.7082161377571846,-0.011134280844861365,-0.2592453048155449,-0.07280029664636956,0.18468318879957327,-0.6209151443688191,0.04028771867465268,-0.04168859561307352,0,0,1,0,0,0,0,0,0,0,0,0,0,0,0,0.3923774557646382,12.070764898672103,10.32
Brazil,2015,-0.35451544438052657,1.2132691440752466,-0.6201727915105053,1.3077442547882827,-1.5164562571451354,-0.45276608097941373,-0.09054231583544088,0.9450703266120687,0,0,1,0,0,0,0,0,0,0,0,0,0,0,0,0.04603253424912168,10.67381498863395,14.3
Brazil,2016,0.8055912274317304,0.08881701914861692,-0.878218616017245,-0.15965334015490829,0.55773048852121,0.28708979793396977,-0.16037184345739233,-0.3094523232520568,0,0,1,0,0,0,0,0,0,0,0,0,0,0,0,0.4480071070816516,12.295141904296173,9.24
Brazil,2017,-1.1016174255041942,0.2137561441404648,0.8601745133151896,0.16480529468302982,-0.4005962990334938,-0.45276608097941373,0.44321211943579875,-0.08879517732733896,0,0,1,0,0,0,0,0,0,0,0,0,0,0,0,0.10659221408709296,10.918076804084889,10.13
Brazil,2018,-0.5979531685668901,0.013853544153508209,0.7029309333778514,-0.45160369998559646,0.15733368002232714,-0.5872853316909382,-0.2952150692101266,-0.894565654018724,0,0,1,0,0,0,0,0,0,0,0,0,0,0,0,0.24036140236604453,11.457622337810252,6.88
Brazil,2019,0.1911208339682195,-1.9102089807209472,-0.3736132738505735,-1.228980213051874,0.780902480143539,-0.7890642077582245,1.8157235244189869,2.3086819025513354,0,0,1,0,0,0,0,0,0,0,0,0,0,0,0,0.5911412790105341,12.872460225363225,19.8
Brazil,2020,0.5873367160922319,-0.011134280844861365,-0.6619591836601,1.5698948412268157,1.0237661180854845,-1.2598815852485596,0.21686813335085195,-0.19540480962804563,0,0,1,0,0,0,0,0,0,0,0,0,0,0,0,0.4747369034732669,12.40295404284642,9.7
Brazil,2021,1.2823933906657115,0.2137561441404648,1.2126853096482648,-0.4940578674228678,-1.3961184185252524,0.5561282993570186,1.4866418425224328,1.0194491398451193,0,0,1,0,0,0,0,0,0,0,0,0,0,0,0,0.2040916676375204,11.311331748520207,14.6
Brazil,2022,-0.24538818871077758,1.9629038940263326,-0.03298486391074806,-1.3640616308377218,0.29955112566400705,1.565022679693451,-0.3674525115776627,-0.24499068511674607,0,0,1,0,0,0,0,0,0,0,0,0,0,0,0,0.16365671737578236,11.148241151194958,9.5
Brazil,2023,-0.08589450734729749,-0.41093948081877396,1.2750678382128258,-1.0270518581788275,0.222972501087718,1.0605754895252348,-0.030344447195827372,0.6475550736798648,0,0,1,0,0,0,0,0,0,0,0,0,0,0,0,0.27959041344152435,11.615848892000745,13.1
Canada,2000,-0.09428891162958601,-0.4734090433146982,-0.6429473654309006,-0.9722828811128104,-0.5264040394088259,0.38797923596761325,0.10610405505396348,-0.4061447804550231,0,0,0,1,0,0,0,0,0,0,0,0,0,0,0,0.07322421198757922,10.783490082480599,8.85
Canada,2001,0.23309285537966148,0.7759822066037794,-0.41916242169136414,0.5863831518663618,-0.050522586684743194,-1.9661076514840623,0.4793308406195671,0.8211056378903171,0,0,0,1,0,0,0,0,0,0,0,0,0,0,0,0.06186520590285838,10.737674591787854,13.8
Canada,2002,0.45974177100144853,-0.1610612308350788,0.6163479445257054,-0.08664241343871863,-0.27041263725380216,0.724277362746424,-0.52316433179213,0.2880574763867855,0,0,0,1,0,0,0,0,0,0,0,0,0,0,0,0.03055994516669891,10.611407744918152,11.65
Canada,2003,-1.387027171102,-1.4104524807535563,2.1593154256438263,-0.23731833785773562,0.4636481783274838,-2.4705548416522785,1.4063780176696148,1.168206766311221,0,0,0,1,0,0,0,0,0,0,0,0,0,0,0,0.024897829608331534,10.588570130365364,15.2
Canada,2004,-0.0019504645244134886,0.43864656912579036,0.22941783560685003,-1.6684644281114034,1.505117472565016,-0.032393422505900264,0.9954272344231868,-1.1920809069509277,0,0,0,1,0,0,0,0,0,0,0,0,0,0,0,0.1875428260389711,11.244583540747529,5.68
Canada,2005,-0.6164208579879245,0.9134152440948117,0.8813845730271404,0.6856506107631488,-0.25837885339181393,-0.16354969194963637,0.26663170475959946,-0.6689499205451362,0,0,0,1,0,0,0,0,0,0,0,0,0,0,0,-0.14160325702157195,9.917003540125993,7.79
Canada,2006,-0.5425501003037869,-0.6233359933049156,-0.059383565681084396,0.6441338339104862,0.6715044450345545,0.6671066811940262,0.11974890527894266,-0.4929200625602491,0,0,0,1,0,0,0,0,0,0,0,0,0,0,0,0.09847501225798538,10.885336828238513,8.5
Canada,2007,1.6013807533926705,-0.41093948081877396,-1.1400271962151807,-1.461934064737299,-0.9639961798447637,0.5561282993570186,0.5234759442886168,-0.09623305865064434,0,0,0,1,0,0,0,0,0,0,0,0,0,0,0,0.22481682093747857,11.394924719686687,10.1
Canada,2008,-0.8783262715953226,0.6760309066103011,2.3025575936144516,-1.3106491520490184,-1.1335631342636898,1.565022679693451,-0.47982186637160834,0.7888748188226615,0,0,0,1,0,0,0,0,0,0,0,0,0,0,0,-0.29322899774823075,9.30543526899116,13.67
Canada,2009,0.7115738994701005,0.2137561441404648,-2.278755892234946,0.770265809916509,2.3890535962456103,0.21983017257820783,0.22649979233319048,1.1929997040555718,0,0,0,1,0,0,0,0,0,0,0,0,0,0,0,0.4362077769854098,12.247550407806692,15.3
Canada,2010,-2.4111444935411845,2.2127821440100286,0.8661157065118145,-2.1645598918048297,1.8311236171897893,0.5561282993570186,0.9328214510379887,0.7963127001459664,0,0,0,1,0,0,0,0,0,0,0,0,0,0,0,-0.1405847420501214,9.921111625186153,13.7
Canada,2012,-0.41663403606946087,0.08881701914861692,0.06326246587457453,-0.3397432184631379,-0.6959709938277518,-0.7890642077582245,0.18957843290089413,0.017814454973367266,0,0,0,1,0,0,0,0,0,0,0,0,0,0,0,-0.00838745935045715,10.454317024493013,10.56
Canada,2013,-1.165414898049586,-0.2610125308285571,-0.01747834966755732,0.3508384976784106,-0.4038782400867631,-0.11646795420060296,-0.022318064710545454,1.0442420775894694,0,0,0,1,0,0,0,0,0,0,0,0,0,0,0,-0.042403784422667457,10.317115352698545,14.7
Canada,2014,1.2991821992302885,-0.4734090433146982,0.11455476713876935,1.047763731634109,1.6396770557490665,0.051681109188802435,1.2940086628756697,0.20128219428155955,0,0,0,1,0,0,0,0,0,0,0,0,0,0,0,0.3501181091754635,11.900315769065408,11.3
Canada,2015,0.9298284108095984,1.9629038940263326,1.145351786753183,-0.16744539307331746,-1.8227707554502917,1.2287245529146402,0.47531764937692644,-1.4846375723342613,0,0,0,1,0,0,0,0,0,0,0,0,0,0,0,-0.23092119503266595,9.556747974883638,4.5
Canada,2016,0.87106758083358,-0.22353079333100245,0.23238843220516245,-0.7021537087473699,0.7043238555672495,-1.8820331197893596,-0.18926682040440676,-0.8400211909811535,0,0,0,1,0,0,0,0,0,0,0,0,0,0,0,0.28283301768150615,11.628927633509386,7.1
Canada,2017,-0.7322636370835046,0.5261039566200841,1.1295086048955167,1.9973334687307458,0.30502102741945636,-0.11646795420060296,1.5990111973163785,-0.815228253236803,0,0,0,1,0,0,0,0,0,0,0,0,0,0,0,-0.08193117831400176,10.15768529927399,7.2
Canada,2018,2.0211009675070906,-1.5978611682413277,-1.2251842987001371,-0.7309162366317963,1.037987862649652,-0.7890642077582245,-0.1587665669603363,-0.6664706267707012,0,0,0,1,0,0,0,0,0,0,0,0,0,0,0,0.5734570491467093,12.80113253500973,7.8
Canada,2019,0.9718004322210405,2.150312581514105,1.709765140432545,1.6988567887062376,-2.3971104397724603,-0.28461701759000835,0.9167686860674255,-1.298690539251634,0,0,0,1,0,0,0,0,0,0,0,0,0,0,0,-0.32040102988691377,9.195839413837305,5.25
Canada,2020,2.2561442874111655,1.338208269067094,0.6007424103959039,-2.008701445960105,0.9449995328070158,1.565022679693451,-2.0128609210604322,2.2095101515739337,0,0,0,1,0,0,0,0,0,0,0,0,0,0,0,0.24871894290161745,11.491331697393818,19.4
Canada,2021,-0.11107772019416305,-1.4104524807535563,-0.4171820239591558,0.39637010767082287,-1.6860232115640612,1.3968736163040456,-2.3138502642584995,0.7839162312737916,0,0,0,1,0,0,0,0,0,0,0,0,0,0,0,0.01769019760410906,10.559498819500378,13.65
Canada,2022,1.483859093440633,-1.2855133557617084,2.0167267889248293,-0.3299897850613575,-1.2757805799053694,0.21983017257820783,0.4191329719799536,-1.1375364439133568,0,0,0,1,0,0,0,0,0,0,0,0,0,0,0,0.09815206479743033,10.884034249803133,5.9
Canada,2023,0.14075440827448896,1.338208269067094,-1.5044203789415056,1.0209447922791668,-1.1412209967213187,-0.22744633603761055,-0.32732059915125367,-0.6416776890263508,0,0,0,1,0,0,0,0,0,0,0,0,0,0,0,-0.02255965412437977,10.397154799830258,7.9
China,2000,1.064138879326213,-1.0356351057780127,0.27991797777816135,-0.00723643379300697,0.9964166093082383,-0.7049896760635218,0.30034251119778316,-0.882169185146549,0,0,0,0,1,0,0,0,0,0,0,0,0,0,0,0.4253057074567046,12.203577928058142,6.93
China,2001,1.2656045821011346,1.0883300190833987,1.4028034919402603,-1.818512630848371,1.6779663680372112,1.565022679693451,-1.7319375340755692,2.110338400596533,0,0,0,0,1,0,0,0,0,0,0,0,0,0,0,0.2762062761055395,11.602199289961325,19.0
China,2003,0.3623666813269028,-0.4609151308155131,1.293089457575921,0.16037192788454885,-0.38528057411823596,-0.04920832884484075,0.12215682002452673,-0.08135729600403403,0,0,0,0,1,0,0,0,0,0,0,0,0,0,0,0.13146207765643148,11.018387077219042,10.16
China,2004,0.2146251659586271,-0.5608664308089915,0.6922367856239264,-1.2576693926343836,1.0281420394898437,-0.38550645562365154,-0.7591399768594147,0.10211044330415826,0,0,0,0,1,0,0,0,0,0,0,0,0,0,0,0.3252917169971852,11.80018083372909,10.9
China,2006,-1.4038159796665766,-0.7232872932983934,2.055344544702891,0.989573555263862,-0.8053690289367363,-0.28461701759000835,1.4224307826401787,0.0029386923267569615,0,0,0,0,1,0,0,0,0,0,0,0,0,0,0,-0.0823862369544397,10.155849862726978,10.5
China,2007,-1.4038159796665766,0.37617700662986675,-0.04882804576841437,-0.7417701776094108,-0.18508216986879414,0.6671066811940262,-0.07288427436782101,-0.4606892434925935,0,0,0,0,1,0,0,0,0,0,0,0,0,0,0,0.023451215617419585,10.58273534787275,8.63
China,2008,2.5079764158798175,-0.2860003558269267,-1.5915578791586702,1.4809722725633316,-0.8053690289367363,0.5561282993570186,1.0211116583760886,2.3086819025513354,0,0,0,0,1,0,0,0,0,0,0,0,0,0,0,0.3936995302073534,12.076097362522685,19.8
China,2010,-0.2118105715816235,-0.6233359933049156,0.6654420043071488,-0.8496414575632326,0.05559350737097162,-0.34178769914240614,1.75713093227643,0.3178090016800057,0,0,0,0,1,0,0,0,0,0,0,0,0,0,0,0.21617560200195385,11.360071169757962,11.77
China,2011,-0.31590118468199985,0.2137561441404648,-0.1549773642147784,0.05494234019833895,-0.4509193951836264,-0.7890642077582245,-0.3963474885246771,0.3847499335897514,0,0,0,0,1,0,0,0,0,0,0,0,0,0,0,0.1330265700759421,11.024697311349595,12.04
China,2012,0.018196105753078243,0.17627440664291016,-0.3260837282775746,-0.42115153987224574,1.8311236171897893,0.3308085544152154,1.0692699532877796,1.2748163986119276,0,0,0,0,1,0,0,0,0,0,0,0,0,0,0,0.3736227728870203,11.995119636013014,15.63
China,2013,-0.9169405312938493,1.4631473940589423,-0.6904769110038995,0.053118445100256366,-0.9804058851111113,1.9013208064722618,-2.237599630648323,-2.22842570466477,0,0,0,0,1,0,0,0,0,0,0,0,0,0,0,-0.0850740257721343,10.14500891743276,1.5
China,2014,-2.0585795136850717,0.2137561441404648,-2.23914793759078,-1.3154496904995023,-1.9102891835374798,-2.1342567148734677,-2.3098370730158586,-0.07144012090629412,0,0,0,0,1,0,0,0,0,0,0,0,0,0,0,0.02462753919645788,10.587479939220366,10.2
China,2015,-0.01538151137607524,-0.4484212183163286,-0.6482350273758969,0.08081301784334506,-0.9880637475687402,0.21983017257820783,1.1575601606258794,1.1260587721458255,0,0,0,0,1,0,0,0,0,0,0,0,0,0,0,0.1756365027770359,11.19656049731191,15.03
China,2016,-0.00698710709378672,-0.6358299058041001,0.11207926997350899,0.46165926719967215,0.9121801222743199,0.3039047042729105,-0.46778229264368515,-1.4400102843944307,0,0,0,0,1,0,0,0,0,0,0,0,0,0,0,0.3117324819555307,11.745490924927363,4.68
China,2017,0.2717071150781882,0.27622570663638846,0.0026622952690011073,-1.0864159913111022,0.786372381898988,0.21983017257820783,0.5154495618033355,-0.15077752168821473,0,0,0,0,1,0,0,0,0,0,0,0,0,0,0,0.30177703243360465,11.705336548610282,9.88
China,2018,0.4060175835948027,-0.2610125308285571,0.32051613128843126,-0.5543864613826411,-0.010045313694419218,1.003404807972837,0.5981213014017375,-0.252428566440051,0,0,0,0,1,0,0,0,0,0,0,0,0,0,0,0.23730296336222345,11.445286409590055,9.47
China,2019,0.16593762112135452,-0.09859166833915459,0.7661056210352959,-1.1210192939877544,-0.7014408955832011,-2.302405778262873,0.976966554707039,1.0318456087172947,0,0,0,0,1,0,0,0,0,0,0,0,0,0,0,0.2028482331242083,11.306316471483925,14.65
China,2020,-0.10771995848124777,0.18876831914209521,0.647083717329578,0.42419517110955934,0.35206218251631965,-0.520025706335176,0.37097467706826265,0.29053677016122054,0,0,0,0,1,0,0,0,0,0,0,0,0,0,0,0.19222537964711783,11.263470183615068,11.66
China,2021,0.157543216839066,0.17627440664291016,-0.5003587287119039,-1.3139504881562787,0.7185456001314178,0.7814480442988219,-0.019910149964960825,0.5161525036348084,0,0,0,0,1,0,0,0,0,0,0,0,0,0,0,0.3218091658075011,11.786134288597594,12.57
China,2022,0.5436858138243326,0.301213531634758,0.5848992285382376,-0.10340358039686003,0.015116234380647258,0.5561282993570186,0.6197925341119986,0.6897030678452603,0,0,0,0,1,0,0,0,0,0,0,0,0,0,0,0.2056565198208391,11.317643433724495,13.27
China,2023,0.20790964253279653,0.5011161316217146,-0.26865219404353424,0.1871366231531849,-0.419193965002021,0.3308085544152154,1.4039701029240308,-0.2871386792821416,0,0,0,0,1,0,0,0,0,0,0,0,0,0,0,0.17180152758012035,11.181092482845616,9.33
France,2000,-0.5475867428731596,-0.2860003558269267,0.2218329122924924,-1.6733862430093285,0.5839860169473665,1.3397029347516478,0.7161091239353804,1.0194491398451193,0,0,0,0,0,1,0,0,0,0,0,0,0,0,0,0.2083044685971549,11.328323687930833,14.6
France,2001,1.1984493478428275,1.7130256440426381,2.537571392495609,1.128733812823228,1.1966150135576796,2.2376189332510728,1.912040114242368,0.6971409491685656,0,0,0,0,0,1,0,0,0,0,0,0,0,0,0,0.06866730034485613,10.765110204752066,13.3
France,2002,0.6158776906520127,0.8009700316021489,1.5612353105169232,0.4476743755448183,-0.630332172762361,-1.4616604613158461,-0.17481933193089955,1.547538713799781,0,0,0,0,0,1,0,0,0,0,0,0,0,0,0,0.06276732684215514,10.74131321238457,16.73
France,2003,-0.18326959702184326,0.8009700316021489,-1.3116682676656732,-0.06774811453765928,0.4231709053371594,2.126640551414065,-0.2847807719792606,-0.14581893413934477,0,0,0,0,0,1,0,0,0,0,0,0,0,0,0,0.18350931372356705,11.22831474534702,9.9
France,2004,0.14075440827448896,-0.8482264182902413,0.3898300519157213,0.7973811024941503,-2.025157120401913,-0.11646795420060296,0.43518573695051743,0.05252456781545739,0,0,0,0,0,1,0,0,0,0,0,0,0,0,0,0.049153387631009515,10.68640265942177,10.7
France,2005,1.6517471790864011,-0.6608177308024697,-0.40926043303032267,1.1705573243329597,-0.6631515832950564,1.2287245529146402,1.8157235244189869,2.011166649619132,0,0,0,0,0,1,0,0,0,0,0,0,0,0,0,0.30117753383663715,11.702918526981907,18.6
France,2006,-0.5811643600023136,0.08881701914861692,0.29576115963582766,0.7160993537654985,1.0357999019474726,-1.236340716374043,-1.593081117080194,1.2177926417999219,0,0,0,0,0,1,0,0,0,0,0,0,0,0,0,0.22997200616543978,11.415717678073136,15.4
France,2007,1.2269903224026084,0.08881701914861692,1.0601946842682266,-0.18625948427291833,0.04793564491334268,0.21983017257820783,2.0268173837818986,-0.14581893413934477,0,0,0,0,0,1,0,0,0,0,0,0,0,0,0,0.25021923262882595,11.497382975958217,9.9
France,2008,-1.1519838511979246,-1.1230924932723065,-0.42906441035240556,-1.6215192437871064,0.8027820871653354,1.4540442978564434,1.420022867894594,0.8880465698000628,0,0,0,0,0,1,0,0,0,0,0,0,0,0,0,0.2904483489058949,11.659643361120665,14.07
France,2009,-1.9242690451684574,-1.7852698557290994,-1.720283731752209,-0.2613614290917949,1.2841334416448669,-0.7890642077582245,1.3100614278462335,1.837616085408679,0,0,0,0,0,1,0,0,0,0,0,0,0,0,0,0.40859036425387796,12.136158151607342,17.9
France,2010,-0.9840957655521566,-1.1605742307698605,-1.2331058896289702,-1.6573768647435552,-1.144502937774588,2.2376189332510728,2.0163830865510324,-1.881324576243866,0,0,0,0,0,1,0,0,0,0,0,0,0,0,0,0.163399387980383,11.147203237100012,2.9000000000000004
France,2011,0.308642493920257,-0.5358786058106219,-1.0429877073369747,1.8122653943074314,0.6058656239691637,2.2376189332510728,1.0933491007436247,-1.311087008123809,0,0,0,0,0,1,0,0,0,0,0,0,0,0,0,0.3058646268061187,11.721823478939648,5.2
France,2012,-0.866574105600119,-0.6608177308024697,-0.5851197516504185,0.14303001328997814,-0.6872191510190329,-0.04920832884484075,-0.5649015207155951,-0.6912635645150514,0,0,0,0,0,1,0,0,0,0,0,0,0,0,0,0.15409194758283995,11.109662545095235,7.7
France,2013,-0.8380331310403385,1.0883300190833987,-0.0917432646253681,-0.4093140021271259,0.9854768057973397,0.3308085544152154,-0.9798654952046643,0.28309888883791556,0,0,0,0,0,1,0,0,0,0,0,0,0,0,0,0.1596470877824716,11.132068684524587,11.63
France,2014,0.6847118057667777,-0.23602470583018753,0.6907118793701261,-0.263711496462083,-0.21024371794386063,0.7478182316209409,-1.0175894928854887,-0.4259791306505034,0,0,0,0,0,1,0,0,0,0,0,0,0,0,0,0.2251738896209048,11.39636492288934,8.77
France,2015,0.28513816192984937,0.6635369941111166,0.22803155719430412,0.7629196007305857,-0.10740956494141547,1.295984178270402,-0.7623505298535274,-0.5425059380489495,0,0,0,0,0,1,0,0,0,0,0,0,0,0,0,0.12966358642795583,11.011133030736046,8.3
France,2016,2.1386226274591285,1.2132691440752466,-0.322122932813158,-1.2567959827398822,2.399993399756509,0.8924264261358295,1.928092879212932,1.8872019608973805,0,0,0,0,0,1,0,0,0,0,0,0,0,0,0,0.565349918871406,12.768433181835455,18.1
France,2017,0.30024808963796845,-0.22353079333100245,1.435480054521697,0.40865117695880415,0.6168054274800623,-1.4616604613158461,0.23853936606111306,-1.6086022610560127,0,0,0,0,0,1,0,0,0,0,0,0,0,0,0,0.2692860263921588,11.574287108739648,4.0
France,2018,0.40433870273834477,1.0508482815858446,-0.08051440948374697,1.1654275323712784,-1.0460447061765021,0.44514991752001104,0.09807767256868155,-0.8325833096578483,0,0,0,0,0,1,0,0,0,0,0,0,0,0,0,0.06119746190895281,10.73498130872156,7.13
France,2019,0.6158776906520127,0.12629875664617102,1.1103581588250624,-0.38878166398951397,-0.06912025265327074,0.5561282993570186,0.657516531792823,1.1260587721458255,0,0,0,0,0,1,0,0,0,0,0,0,0,0,0,0.2050332566427686,11.315129559876638,15.03
France,2020,-2.478299727799492,1.5880865190507896,-0.7776144112210641,0.8675707392869126,2.4546924173110014,-0.11646795420060296,0.04189299517170872,-0.4929200625602491,0,0,0,0,0,1,0,0,0,0,0,0,0,0,0,0.15636613490902107,11.11883526738265,8.5
France,2021,-1.0680398083750406,0.18876831914209521,0.9857317295371951,0.6643148820955752,0.32143073268580385,0.4888686740012567,-1.2583809674439426,0.03764880516884753,0,0,0,0,0,1,0,0,0,0,0,0,0,0,0,0.07949741731729087,10.808792470581587,10.64
France,2022,-0.6231363814137556,0.9009213315956272,-0.12012236412791272,-0.9870725613997848,-0.27478855865816143,-0.7890642077582245,-0.15074018447505438,0.5731762604468141,0,0,0,0,0,1,0,0,0,0,0,0,0,0,0,0.1373156414123784,11.041996880205302,12.8
France,2023,-0.018739273088990527,1.5880865190507896,-1.886142041824653,0.2236221338160659,0.7918422836544368,-0.032393422505900264,-0.88916737312098,0.28061959506348017,0,0,0,0,0,1,0,0,0,0,0,0,0,0,0,0.2916516259665167,11.664496666820172,11.62
Germany,2000,-1.6976201295466706,-1.9726785432168712,1.848392981687125,0.8078530053706144,0.5128772941265267,-0.6209151443688191,0.13018320250980864,-1.1251399750411817,0,0,0,0,0,0,1,0,0,0,0,0,0,0,0,-0.24901871988164448,9.483753297788132,5.95
Germany,2001,0.2868170427863073,1.3007265315695404,0.3954345774978706,0.2291173636967103,-0.6773733278592243,0.27700085413060566,0.48334403186220776,-0.810269665687933,0,0,0,0,0,0,1,0,0,0,0,0,0,0,0,-0.35264450838647576,9.065788353200453,7.22
Germany,2002,-0.6818972113897741,-1.535391605745404,0.8938412747627305,0.6595281686564791,-0.03958278317384498,-0.7890642077582245,0.45525169316372194,2.073148993980008,0,0,0,0,0,0,1,0,0,0,0,0,0,0,0,-0.18072575314470019,9.759206604052762,18.85
Germany,2003,1.7860576476030157,-0.03612210584323094,2.303884460095031,1.199804985622349,-0.892887457023924,0.8924264261358295,-0.5841648386802715,-0.6912635645150514,0,0,0,0,0,0,1,0,0,0,0,0,0,0,0,-0.28095586009291296,9.354937824040789,7.7
Germany,2004,-0.4670004617631914,1.188281319076877,-0.09289189531004877,0.13980652488160256,1.032517960894203,-0.28461701759000835,1.5428265199194058,0.6227621359355145,0,0,0,0,0,0,1,0,0,0,0,0,0,0,0,-0.2028267416814451,9.670064329891318,13.0
Germany,2005,1.2437791309671848,-0.07360384334078501,-0.6977449706811041,1.8428950819840164,-0.9661841405469433,0.5561282993570186,0.769885886586768,0.14425843746955375,0,0,0,0,0,0,1,0,0,0,0,0,0,0,0,-0.1667990515995328,9.81537865469384,11.07
Germany,2006,0.8626731765512915,1.9629038940263326,-0.2032990688806608,0.03247468736526211,-0.9147670640457208,-2.1342567148734677,-1.4590405295759876,-0.6416776890263508,0,0,0,0,0,0,1,0,0,0,0,0,0,0,0,-0.27759528836334724,9.36849237640654,7.9
Germany,2007,0.03330603346119734,-0.1735551433342633,-0.0949515089515453,-0.4697194706721361,-0.09756374178160648,-0.2139944109664581,-0.20130639413232937,-0.47060641859033386,0,0,0,0,0,0,1,0,0,0,0,0,0,0,0,-0.14879215967828596,9.888007772335818,8.59
Germany,2008,1.3831262420531727,-2.035148105712795,1.020586729624061,-1.2548580051800704,-1.844650362472089,0.5561282993570186,2.0244094690363137,-1.6829810742890636,0,0,0,0,0,0,1,0,0,0,0,0,0,0,0,-0.1106998589712056,10.04164951136596,3.7
Germany,2009,-0.20677392901225086,-1.3854646557551868,-0.3363223845530916,0.956929747436534,0.3290885951434328,-0.8462348893106224,0.24817102504345104,-0.6168847512820006,0,0,0,0,0,0,1,0,0,0,0,0,0,0,0,-0.039147483017592855,10.330249340443974,8.0
Germany,2010,0.8458843679867145,-2.035148105712795,0.26407479592049504,-2.194672765488265,1.4372906907974459,0.8924264261358295,-1.5152252069729606,0.1764892565372089,0,0,0,0,0,0,1,0,0,0,0,0,0,0,0,0.19445060407616488,11.272445418627523,11.2
Germany,2011,0.7115738994701005,-1.1605742307698605,2.2702176986474902,-1.0298261949508585,1.470110101330141,-1.4616604613158461,-1.6837792391638782,1.6888584589425777,0,0,0,0,0,0,1,0,0,0,0,0,0,0,0,0.04085114764253195,10.65291634943267,17.3
Germany,2012,0.22469845109737296,-0.2860003558269267,-0.9320854343333106,0.45236104162499297,0.14639387651142854,0.051681109188802435,0.08603809884075897,-0.09623305865064434,0,0,0,0,0,0,1,0,0,0,0,0,0,0,0,-0.06870852010815387,10.211017656827547,10.1
Germany,2013,-0.3293322315336616,1.9629038940263326,-1.0093209458894337,-1.628793615393138,-0.892887457023924,1.9013208064722618,-1.852333271354796,-1.4102587591012103,0,0,0,0,0,0,1,0,0,0,0,0,0,0,0,-0.36872177310550214,9.000942206750182,4.8
Germany,2014,0.308642493920257,-0.1610612308350788,-2.0193237893156604,-0.33315509280719924,2.301535168158423,0.8924264261358295,0.7722938013323527,1.7880302099199785,0,0,0,0,0,0,1,0,0,0,0,0,0,0,0,0.19004111921155076,11.254660173046375,17.7
Germany,2015,-0.1731963118830974,-0.32348209332448075,-0.31816213734874144,-1.0470714793323326,1.7359473266449732,1.1177461710776326,0.15667026471123846,-1.3532350022892046,0,0,0,0,0,0,1,0,0,0,0,0,0,0,0,0.027905351499244446,10.600700689163698,5.03
Germany,2016,0.7115738994701005,1.2757387065711703,1.103763434376809,0.6795546344094507,-0.09428180072833722,-0.28461701759000835,0.5395287092591806,-1.1499329127855322,0,0,0,0,0,0,1,0,0,0,0,0,0,0,0,-0.2609863222920552,9.435483090627475,5.85
Germany,2017,-0.08589450734729749,0.27622570663638846,0.3858692564513047,0.5522882552775705,0.6332151327464098,1.3968736163040456,0.15426234996565438,1.9119948986417301,0,0,0,0,0,0,1,0,0,0,0,0,0,0,0,-0.1819979968387253,9.754075127875378,18.2
Germany,2018,0.3170368982025455,-0.5608664308089915,-0.2924169668300337,0.938838097529435,-0.8731958107043069,-0.36869154928471104,-0.20692486187202663,-0.10367093997394927,0,0,0,0,0,0,1,0,0,0,0,0,0,0,0,-0.15600655548451314,9.85890918030684,10.07
Germany,2019,-1.941057853733034,1.5880865190507896,0.7789782062946498,-0.44235399985265156,1.5029295118628359,0.21983017257820783,-0.9292992855473889,-1.4846375723342613,0,0,0,0,0,0,1,0,0,0,0,0,0,0,0,-0.32985611499250655,9.15770321068507,4.5
Germany,2021,0.03162715260473999,0.5261039566200841,-0.59739821759011,0.979782192925927,1.7217255820808048,-0.45276608097941373,0.7080827414500985,0.31285041413113573,0,0,0,0,0,0,1,0,0,0,0,0,0,0,0,0.0038359072000933025,10.50361883243764,11.75
Germany,2022,-0.06071129450043253,-0.8607203307894262,-0.3953976489048647,0.0017208325253790643,0.5511666064146714,-0.7890642077582245,-0.5408223732597498,0.46408733437167243,0,0,0,0,0,0,1,0,0,0,0,0,0,0,0,0.006842708145249787,10.515746483368565,12.36
Germany,2023,0.24148725966195,-1.2855133557617084,0.7169323453445643,0.03417629438723652,-1.0569845096874007,-1.4616604613158461,0.5315023267738986,0.10211044330415826,0,0,0,0,0,0,1,0,0,0,0,0,0,0,0,-0.12544663430336467,9.982169769657984,10.9
India,2000,0.23309285537966148,0.27622570663638846,-1.154880179206743,-0.7605058588813893,-0.84912824298033,0.051681109188802435,-0.3032414516954085,0.43681510285288727,0,0,0,0,0,0,0,1,0,0,0,0,0,0,0,-0.06321278639782957,10.233184185727806,12.25
India,2001,-0.8078132756241001,0.5261039566200841,-0.3033091543571793,-0.821355876030426,-0.9639961798447637,-0.7890642077582245,-1.2222622462601747,-0.6416776890263508,0,0,0,0,0,0,0,1,0,0,0,0,0,0,0,-0.2074571616884615,9.651387963037328,7.9
India,2002,0.32207354077191874,0.5011161316217146,0.13996327004300152,-0.19302225788499652,-0.5318739411642751,-0.5099367625318115,0.537120794513596,-0.7532459088759272,0,0,0,0,0,0,0,1,0,0,0,0,0,0,0,-0.10679254071035338,10.057409314827504,7.45
India,2003,-1.4877600224894607,0.8759335065972577,-0.6336989080214878,-1.865412180446791,0.9373416703493868,0.10885179074120024,-0.5544672234847291,1.3665502682660235,0,0,0,0,0,0,0,1,0,0,0,0,0,0,0,-0.09056060871964444,10.122879297280098,16.0
India,2004,0.22469845109737296,-0.3109881808252962,-0.2330050348637851,-0.48653604263447947,0.5533545671168507,0.3039047042729105,-0.4517295276731219,0.751685412206136,0,0,0,0,0,0,0,1,0,0,0,0,0,0,0,0.05531448600493327,10.711252874581639,13.52
India,2005,0.266670472508815,-1.0356351057780127,-0.571890694799267,-0.4095553029704727,-0.1139734470479544,-0.20054248589530566,0.3541192738491708,-0.4309377181993733,0,0,0,0,0,0,0,1,0,0,0,0,0,0,0,0.08250423899746018,10.820920205145251,8.75
India,2006,-0.5811643600023136,0.8384517690997035,1.4740978102997586,-2.3114302728971086,0.4636481783274838,1.2287245529146402,-1.4590405295759876,-1.2615011326351084,0,0,0,0,0,0,0,1,0,0,0,0,0,0,0,-0.1773607291666277,9.772779114147252,5.4
India,2007,1.5896285873974667,-1.4979098682478496,-0.18151469382636962,0.07805439063721382,-0.4038782400867631,1.9013208064722618,-1.116313997454455,0.2930160639356555,0,0,0,0,0,0,0,1,0,0,0,0,0,0,0,0.1285142958957639,11.006497474659382,11.67
India,2008,-0.5979531685668901,2.2127821440100286,0.8581941155829813,-1.4374221802518494,2.214016740071235,-1.797958588094657,-0.849035460694571,2.0359595873634815,0,0,0,0,0,0,0,1,0,0,0,0,0,0,0,-0.03368813169372409,10.352269124384716,18.7
India,2009,0.5688690266711975,0.5885735191160079,0.09078999435226989,0.12962224840704717,-1.4234679273024984,-1.4616604613158461,1.2297976029934157,0.2260751320259098,0,0,0,0,0,0,0,1,0,0,0,0,0,0,0,-0.13913361029089,9.926964629675554,11.4
India,2011,-1.6052816824414982,2.2127821440100286,-0.3518288987962823,-0.4128697567499991,0.11357446597873352,-2.4705548416522785,1.7033541696250416,-1.4846375723342613,0,0,0,0,0,0,0,1,0,0,0,0,0,0,0,-0.24051291520623597,9.51806066693944,4.5
India,2012,-1.2359278940208087,0.8759335065972577,-0.7650784935761858,0.17751247091526245,0.6791623074921834,0.6671066811940262,-0.3513997466070994,0.027731630071107176,0,0,0,0,0,0,0,1,0,0,0,0,0,0,0,-0.1179153219629967,10.01254661494363,10.6
India,2013,0.30024808963796845,-1.1605742307698605,-0.7726634168905434,0.9447186784297016,1.9897507680978173,-1.1253623345370354,-1.1339720389220749,0.9946562021007691,0,0,0,0,0,0,0,1,0,0,0,0,0,0,0,0.30528224715601837,11.71947450498543,14.5
India,2014,0.812306750857561,0.7135126441078556,-0.480554751389821,0.46019202083050403,1.0543975679160003,0.724277362746424,-1.7198979603476463,0.21367866315373446,0,0,0,0,0,0,0,1,0,0,0,0,0,0,0,0.0825990039620601,10.821302430783765,11.35
India,2015,-0.7070804242366393,0.7135126441078556,-0.7261240701836487,0.6894698298468697,1.0543975679160003,1.2287245529146402,1.129467821927393,-0.8400211909811535,0,0,0,0,0,0,0,1,0,0,0,0,0,0,0,-0.04108808503268779,10.322422103369023,7.1
India,2016,-0.43510172549049525,-0.22353079333100245,-0.36321618575648,0.297954769578772,-0.3874685348204156,0.3039047042729105,-0.3658472350806066,0.3004539452589604,0,0,0,0,0,0,0,1,0,0,0,0,0,0,0,-0.07361647920341596,10.191221861969069,11.7
India,2017,-0.5862010025716863,-0.9981533682804586,0.7354094561860675,0.9012116525545862,1.3355505181460903,0.5561282993570186,-0.9589969007429318,-1.2615011326351084,0,0,0,0,0,0,0,1,0,0,0,0,0,0,0,0.051116586301643174,10.694321037997463,5.4
India,2018,1.6181695619572476,0.6760309066103011,1.7671966746665853,-1.2347801059621253,0.34331033970760066,0.44514991752001104,-0.7503109561256048,0.506235328537068,0,0,0,0,0,0,0,1,0,0,0,0,0,0,0,0.01994045077157125,10.568575005592827,12.53
India,2019,0.08703022086784315,-0.1610612308350788,-0.1696323074331199,0.8156806408038497,-0.9278948282587991,0.8251668007800674,-0.07529218911340507,-0.6962221520639217,0,0,0,0,0,0,0,1,0,0,0,0,0,0,0,-0.10756954959847675,10.054275322010133,7.68
India,2020,-1.7228033423935358,-2.2850263556964907,-1.8074212319693737,1.0263143570547877,-1.8008911484284953,0.21983017257820783,0.33084276464185364,-1.1871223194020575,0,0,0,0,0,0,0,1,0,0,0,0,0,0,0,-0.08585141321110523,10.141873397765881,5.7
India,2021,-0.3998452275048838,-0.9106959807861654,-0.14190673918220387,-0.22841005212692456,-0.4159120239487513,-0.04920832884484075,0.8734262206469032,0.6425964861309948,0,0,0,0,0,0,0,1,0,0,0,0,0,0,0,-0.001924970457546138,10.480382870176765,13.08
India,2022,-0.5425501003037869,-0.5733603433081764,-0.05740316794887611,1.1354015775095019,0.12779621054290138,-0.6780858259212169,-0.08091065685310235,0.498797447213763,0,0,0,0,0,0,0,1,0,0,0,0,0,0,0,-0.008303004587352447,10.454657664896242,12.5
India,2023,1.1816605392782504,-1.6603307307372517,0.7007524958724224,-0.5474103745658242,0.5456967046592217,0.38797923596761325,-0.23100400932787238,1.7756337410478034,0,0,0,0,0,0,0,1,0,0,0,0,0,0,0,0.2299333649698161,11.415561822417699,17.65
Indonesia,2000,0.6259509757907586,0.26373179413720393,0.1461025030128475,-0.16628897339047088,-0.09537578107942685,-0.2610761487154915,-0.15555601396622307,0.8558157507324072,0,0,0,0,0,0,0,0,1,0,0,0,0,0,0,0.07343097187265801,10.78432402917627,13.94
Indonesia,2001,-0.19502176301704705,0.4261526566266059,0.2858591709747862,-1.1048611749665904,-0.4224759060552907,1.2287245529146402,1.4304571651254605,0.2186372507026044,0,0,0,0,0,0,0,0,1,0,0,0,0,0,0,-0.05249798285248808,10.27640134561352,11.37
Indonesia,2002,-0.09428891162958601,-0.011134280844861365,-1.0548700937302244,-1.3014799361177598,-0.08115403651525897,-1.2935113979264408,0.3806063360506012,-0.10862952752281922,0,0,0,0,0,0,0,0,1,0,0,0,0,0,0,0.15013196127442008,11.093690309980328,10.05
Indonesia,2003,-1.2023502768916552,-1.2855133557617084,0.7819488028929622,0.26559278506129325,1.68890617154811,-0.45276608097941373,0.9247950685527068,1.3665502682660235,0,0,0,0,0,0,0,0,1,0,0,0,0,0,0,0.16358170732709176,11.147938605165663,16.0
Indonesia,2004,-0.9505181484230031,-0.5608664308089915,0.9104766157132802,-0.10481320293455783,-0.293386224626689,0.35434942328973223,0.8429259672028327,0.32524688300331106,0,0,0,0,0,0,0,0,1,0,0,0,0,0,0,-0.06321845249452007,10.233161332055728,11.8
Indonesia,2005,-0.17823295445247003,0.33869526913231207,-2.221324358000906,-0.49392429935629706,-1.3742388115034556,0.38797923596761325,-0.30725464293804916,-1.7449634186499394,0,0,0,0,0,0,0,0,1,0,0,0,0,0,0,0.015819875206299905,10.551955048701231,3.45
Indonesia,2006,0.14075440827448896,-0.011134280844861365,0.37844276495552365,0.34773594893741266,0.5894559187028161,0.724277362746424,0.18797315640383752,-0.4111033680038931,0,0,0,0,0,0,0,0,1,0,0,0,0,0,0,0.08551415168088372,10.833060406982,8.83
Indonesia,2007,0.013159463183705608,-0.9856594557812736,0.18174966219259667,0.2264377156465043,-1.0504206275808614,-0.3081578864645252,-0.4645717396495725,0.6227621359355145,0,0,0,0,0,0,0,0,1,0,0,0,0,0,0,0.03229415238375033,10.618402507841907,13.0
Indonesia,2008,-0.6902916156720625,-1.7852698557290994,-1.258851060147678,-1.1059981039603344,1.1856752100467811,0.38797923596761325,0.35893510334034007,-0.7656423777481024,0,0,0,0,0,0,0,0,1,0,0,0,0,0,0,0.3303712037495181,11.82066846938046,7.4
Indonesia,2009,-0.38809306150968004,-1.8477394182250233,0.6512425525672152,-0.013591342302182008,1.1637956030249847,0.38797923596761325,1.0692699532877796,0.8954844511233678,0,0,0,0,0,0,0,0,1,0,0,0,0,0,0,0.2360267969950085,11.440139111676537,14.1
Indonesia,2010,-0.6953282582414355,0.5385978691192687,-0.161314636957845,0.3777987908796994,-0.5821970373144081,0.8924264261358295,-0.32250476966008496,-0.3094523232520568,0,0,0,0,0,0,0,0,1,0,0,0,0,0,0,-0.09942693315525464,10.087117805330116,9.24
Indonesia,2011,-1.0227100252506833,-0.19854296833263288,1.5500064553753021,1.6258359909667406,-0.11287946669686438,-0.9000425895952321,0.5636078567150258,-0.029292126740898625,0,0,0,0,0,0,0,0,1,0,0,0,0,0,0,-0.10727544532169997,10.05546156415622,10.37
Indonesia,2012,-0.866574105600119,-1.3479829182576324,-0.7964281896770429,1.9388693743105618,-0.3568370849898998,0.38797923596761325,-1.808188167685746,0.06492103668763272,0,0,0,0,0,0,0,0,1,0,0,0,0,0,0,0.05896251922265083,10.725966876025655,10.75
Indonesia,2014,-1.1989925151787395,-0.760769030795948,0.7675909193344521,0.4437283684656658,0.9668791398288121,-0.20054248589530566,-1.1098928914662296,0.082276093108678,0,0,0,0,0,0,0,0,1,0,0,0,0,0,0,0.07354496243146436,10.78478379945433,10.82
Indonesia,2015,0.38754989417376834,-0.5358786058106219,-0.10295231578966672,0.14725419199549333,1.5029295118628359,1.2287245529146402,0.7241355064206618,-1.1053056248457016,0,0,0,0,0,0,0,0,1,0,0,0,0,0,0,0.27079726300752593,11.580382540555554,6.03
Indonesia,2016,0.014838344040162954,-1.0356351057780127,1.242886375064441,-0.7666237476691948,-1.2539009728835724,-0.7890642077582245,-0.39554485027614905,-0.6218433388308706,0,0,0,0,0,0,0,0,1,0,0,0,0,0,0,0.012585890585884663,10.53891107362348,7.98
Indonesia,2018,1.5510143276989405,-1.4104524807535563,-0.6449277631631088,1.6248727208314069,1.7217255820808048,0.8924264261358295,0.9569005984938345,1.5401008324764756,0,0,0,0,0,0,0,0,1,0,0,0,0,0,0,0.4675735923604831,12.374061496159747,16.7
Indonesia,2019,-1.1570204937672974,-0.9106959807861654,0.7182394078478215,-0.0982193218602129,-0.006763372641149559,1.003404807972837,0.4777255641225105,0.24343018844695505,0,0,0,0,0,0,0,0,1,0,0,0,0,0,0,0.0027832571872474787,10.499373066874478,11.47
Indonesia,2020,1.0188090962018557,0.17627440664291016,-0.5742869760552392,-0.7255578200737334,-1.716654661394577,-1.4616604613158461,-1.1139060827088705,0.2756610075146102,0,0,0,0,0,0,0,0,1,0,0,0,0,0,0,0.08776152488396782,10.84212497700697,11.6
Indonesia,2021,0.38754989417376834,0.5885735191160079,0.29906842384861565,0.57110467270075,-0.17961226811334485,0.21983017257820783,-0.19729320288968868,0.38227063981531645,0,0,0,0,0,0,0,0,1,0,0,0,0,0,0,0.03816341587371053,10.642075634239756,12.03
Indonesia,2022,-0.6651084028251973,0.33869526913231207,-1.4410476515108404,0.5023585057996994,2.203076936560337,-1.4616604613158461,0.7803201838176346,0.25086806977026,0,0,0,0,0,0,0,0,1,0,0,0,0,0,0,0.32041640899708224,11.780516734014995,11.5
Indonesia,2023,1.3915206463354606,-0.4734090433146982,1.9493932660297477,1.4071339192638175,-1.0733942149537483,1.2287245529146402,-1.6597000917080327,0.5979691981911643,0,0,0,0,0,0,0,0,1,0,0,0,0,0,0,-0.006855979619588837,10.460494105025623,12.9
Japan,2001,1.1396885178668086,0.6510430816119315,-1.0202131334165794,-0.07120709467282055,-1.8337105589611902,-0.6209151443688191,0.8324916699719662,-1.6581881365447133,0,0,0,0,0,0,0,0,0,1,0,0,0,0,0,0.10400421569386342,10.90763835415243,3.8
Japan,2002,1.1145053050199436,-0.41093948081877396,1.4952286541024213,-0.28184529959502497,-0.16757848425135663,0.8924264261358295,0.47531764937692644,0.25086806977026,0,0,0,0,0,0,0,0,0,1,0,0,0,0,0,0.16895411508804248,11.169607710361458,11.5
Japan,2003,0.8576365339819183,1.2132691440752466,1.190247403342345,-0.7467012306794288,-0.010045313694419218,0.5561282993570186,-0.08893703933838426,0.08475538688311297,0,0,0,0,0,0,0,0,0,1,0,0,0,0,0,0.07731553939570013,10.799992069660611,10.83
Japan,2004,-1.0546087615233792,-0.7357812057975784,0.6664916151052191,0.9824008346484255,1.5291850402889924,-0.38550645562365154,-0.40437387100995903,0.335164058101051,0,0,0,0,0,0,0,0,0,1,0,0,0,0,0,0.21138327553745384,11.34074176832149,11.84
Japan,2005,-1.538126448183191,-2.409965480688338,-2.136167255515949,2.210778960023848,0.004176430869749044,2.2376189332510728,-1.9647026261487412,1.2921714550329726,0,0,0,0,0,0,0,0,0,1,0,0,0,0,0,0.22327746263028914,11.388715861651942,15.7
Japan,2006,1.2991821992302885,2.2127821440100286,2.0167267889248293,-2.1970288991481848,-0.14898081828282947,0.5561282993570186,-2.237599630648323,0.9698632643564189,0,0,0,0,0,0,0,0,0,1,0,0,0,0,0,0.017409898298129,10.558368258415321,14.4
Japan,2007,-0.7490524456480813,1.5880865190507896,-1.5578911177111294,-1.7384310364773814,0.43082876779478835,-1.4616604613158461,0.3468955296124175,-2.278011580153471,0,0,0,0,0,0,0,0,0,1,0,0,0,0,0,0.1764398799499194,11.199800844144415,1.3000000000000007
Japan,2008,-0.555981147155448,-0.06110993084160051,0.7002573964393703,-0.8419108315732552,-0.49905453063157973,0.8083518944411268,-0.720613340930062,-0.14581893413934477,0,0,0,0,0,0,0,0,0,1,0,0,0,0,0,0.039105771626581465,10.64587653820115,9.9
Japan,2009,2.4156379687746456,0.6510430816119315,-0.4934273366491749,-2.018500641890765,1.0817470766932462,-1.2935113979264408,-1.727924342832928,0.2260751320259098,0,0,0,0,0,0,0,0,0,1,0,0,0,0,0,0.5196821121488222,12.584236346456436,11.4
Japan,2010,0.7787291337284076,-1.6603307307372517,-2.1737948124279067,-1.8729809469992238,-0.4771749236097829,1.565022679693451,1.4304571651254605,0.42441863398071195,0,0,0,0,0,0,0,0,0,1,0,0,0,0,0,0.4428133548306672,12.274193389422546,12.2
Japan,2011,-0.20005840558641969,-0.41093948081877396,0.43834979635482435,0.48063406050576385,-0.630332172762361,0.6671066811940262,0.025840230201145464,0.5483833227024635,0,0,0,0,0,0,0,0,0,1,0,0,0,0,0,0.0814803550743406,10.816790464919718,12.7
Japan,2012,-1.563309661030056,0.4011648316282363,-0.8201929624635423,0.7755090482152772,-1.1609126430409358,-0.9572132711476299,-1.1540379951352795,1.9243913675139055,0,0,0,0,0,0,0,0,0,1,0,0,0,0,0,-0.046016317842097365,10.302544536377058,18.25
Japan,2014,0.560474622388909,1.2757387065711703,-0.06120553159471616,0.8842194996741888,-0.14351091652738016,0.38797923596761325,-0.3112678341806904,0.20624078183042951,0,0,0,0,0,0,0,0,0,1,0,0,0,0,0,0.09875999338198405,10.886486272999505,11.32
Japan,2015,0.560474622388909,-0.41093948081877396,0.29972195510024424,-1.299671293803022,-0.30760796919085687,1.565022679693451,-0.2390303918131543,0.39962569623636174,0,0,0,0,0,0,0,0,0,1,0,0,0,0,0,0.21056843085731725,11.33745516836896,12.1
Japan,2016,-0.31590118468199985,0.36368309413068167,-0.25825510594944073,-0.3580047768199535,-0.5406257839729937,1.565022679693451,-0.3393601728791768,1.6938170464914477,0,0,0,0,0,0,0,0,0,1,0,0,0,0,0,0.07067519422468216,10.77320885728179,17.32
Japan,2017,-0.10436219676833247,-0.18604905583344838,1.2911090598437127,1.2032443782236806,0.2886113221531085,-0.04920832884484075,-0.4766113133774951,-0.5920918135376504,0,0,0,0,0,0,0,0,0,1,0,0,0,0,0,0.12441560309951338,10.9899657798739,8.1
Japan,2018,0.7485092783121693,-0.1610612308350788,0.5769776376094045,0.034410748924755034,0.15076979791578823,0.28708979793396977,0.8541629026822273,0.330205470552181,0,0,0,0,0,0,0,0,0,1,0,0,0,0,0,0.2439768720951614,11.47220499746276,11.82
Japan,2019,-0.24538818871077758,1.0258604565874752,-0.49243713778307074,0.3798829336335869,0.0862249572014874,0.5561282993570186,0.8284784787293256,-0.2697836228610963,0,0,0,0,0,0,0,0,0,1,0,0,0,0,0,0.11394789530176741,10.947745257620012,9.4
Japan,2020,-0.10268331591187453,0.5261039566200841,-0.9994189572283924,-0.4447206694249022,1.2731936381339692,0.051681109188802435,-1.2343018199880975,0.4740045094694128,0,0,0,0,0,0,0,0,0,1,0,0,0,0,0,0.32480980765151113,11.79823709736899,12.4
Japan,2021,0.07695693572909729,0.3137074441339425,-0.8157370675660737,-0.7728290735598797,0.20984473687463975,-0.7890642077582245,-0.48784824885688965,-0.7358908524548822,0,0,0,0,0,0,0,0,0,1,0,0,0,0,0,0.277195796211827,11.606190426939488,7.52
Japan,2022,-0.3830564189403074,-0.5608664308089915,0.40626735309305,0.38100305590574157,0.052311566317701966,-0.6545449570467001,-0.20692486187202663,0.09715185575528831,0,0,0,0,0,0,0,0,0,1,0,0,0,0,0,0.19712697013350944,11.283240291284171,10.88
Japan,2023,0.8290955594221381,-1.098104668273937,0.005632891867313539,1.289377152568396,-0.9421165728229669,-0.45276608097941373,0.8726235823983752,-1.4102587591012103,0,0,0,0,0,0,0,0,0,1,0,0,0,0,0,0.2521996464415217,11.505370790202404,4.8
Mexico,2000,-0.4972203171794296,-2.2850263556964907,0.5284578931703015,-0.6082849415571862,-0.7889593236703885,1.2287245529146402,0.5114363705606941,-1.5094305100786114,0,0,0,0,0,0,0,0,0,0,1,0,0,0,0,-0.5090768797230405,8.434832986193928,4.4
Mexico,2001,-0.9941690506909028,-0.7857568557943175,0.5571736602873216,-0.5934629866592438,-0.4224759060552907,-0.18372757955636518,-0.20210903238085795,-0.20532198472578556,0,0,0,0,0,0,0,0,0,0,1,0,0,0,0,-0.5985409838291265,8.073987873651859,9.66
Mexico,2002,-1.370238362537423,-1.0356351057780127,2.35141400566803,-1.7108938425100233,2.2687157576257273,-1.4616604613158461,1.7434860820514506,-1.459844634589911,0,0,0,0,0,0,0,0,0,0,1,0,0,0,0,-0.4071065319539251,8.84612086510756,4.6
Mexico,2003,0.09038798258075845,0.001359631654323144,-0.28118811168841257,-1.3648776942019256,0.015116234380647258,-0.11646795420060296,-0.3489918318615148,0.20128219428155955,0,0,0,0,0,0,0,0,0,0,1,0,0,0,0,-0.4587754517035787,8.63771910053076,11.3
Mexico,2004,2.4072435644923575,-0.5358786058106219,-1.2113215145746792,1.6842140992834143,-1.8118309519393934,-0.11646795420060296,-0.06244997713695446,-0.19540480962804563,0,0,0,0,0,0,0,0,0,0,1,0,0,0,0,-0.3986469514674509,8.880241793307777,9.7
Mexico,2005,-2.1257347479433792,-2.409965480688338,-0.031004466178539778,1.5110099549001963,0.6277452309909601,0.21983017257820783,-0.8650882256651345,-1.311087008123809,0,0,0,0,0,0,0,0,0,0,1,0,0,0,0,-0.4926750737365637,8.500988139550914,5.2
Mexico,2006,0.115571195427624,-0.5358786058106219,-0.13200475052116245,1.6327830058043842,-0.5592234499415213,-0.6209151443688191,0.21044702736262666,-1.7573598875221146,0,0,0,0,0,0,0,0,0,0,1,0,0,0,0,-0.5213571700909494,8.38530158134576,3.4000000000000004
Mexico,2007,-1.890691428039304,-1.4104524807535563,-1.6390874247316691,2.0230738099491226,-0.6631515832950564,-1.797958588094657,0.22649979233319048,-1.5838093233116626,0,0,0,0,0,0,0,0,0,0,1,0,0,0,0,-0.5369914317970172,8.322242246194438,4.1
Mexico,2008,0.8794619851158686,-0.7857568557943175,2.3494336079358216,-1.591632333019711,-2.161904664288144,-0.7890642077582245,0.9890061284349616,-1.459844634589911,0,0,0,0,0,0,0,0,0,0,1,0,0,0,0,-0.6418966160156279,7.899116978425331,4.6
Mexico,2009,0.9466172193741755,0.7135126441078556,2.0107855957282044,-1.9138398139864063,0.2667317151313116,-0.7890642077582245,2.048488616492159,-1.9804963272212672,0,0,0,0,0,0,0,0,0,0,1,0,0,0,0,-0.4941955953452952,8.494855257581015,2.5
Mexico,2010,0.7569036825944578,-1.1230924932723065,-0.10362565101861783,2.057003509248123,1.809244010167993,-0.5637444628164213,-0.1451217167353571,-0.08879517732733896,0,0,0,0,0,0,0,0,0,0,1,0,0,0,0,-0.2099408629870947,9.64137018569991,10.13
Mexico,2011,-0.41327627435654557,-0.3859516558204044,0.8011586608953822,0.7430869128840827,-0.807556989638916,-0.520025706335176,-0.1314768665103779,0.07235891801093765,0,0,0,0,0,0,0,0,0,0,1,0,0,0,0,-0.6231285063432068,7.974816396807881,10.78
Mexico,2012,-0.39648746579196853,0.9633908940915509,0.5106343135804269,-1.718643130524189,0.03152593964699516,-0.9572132711476299,0.12215682002452673,0.9946562021007691,0,0,0,0,0,0,0,0,0,0,1,0,0,0,0,-0.5643420348774004,8.211926141816628,14.5
Mexico,2013,0.006443939757874435,-1.7228002932331756,0.24427081859841218,-0.9855188181678065,0.3980093572620929,1.565022679693451,1.16157335186852,-1.459844634589911,0,0,0,0,0,0,0,0,0,0,1,0,0,0,0,-0.3499484152702186,9.076662793107728,4.6
Mexico,2014,1.2773567480963384,0.6260552566135619,-0.22310304620274365,-0.6195067949915071,0.20437483511919044,-0.5637444628164213,1.307653513100649,1.4905149569877751,0,0,0,0,0,0,0,0,0,0,1,0,0,0,0,-0.36513771592401856,9.015398166824134,16.5
Mexico,2015,-1.0764342126573292,-0.3484699183228503,-0.3775740693149901,-0.15311921979912174,1.47558000308559,-0.7890642077582245,1.6792750221691966,0.41202216510853706,0,0,0,0,0,0,0,0,0,0,1,0,0,0,0,-0.37209018234067326,8.987356042537193,12.15
Mexico,2016,-0.9169405312938493,-0.6608177308024697,-1.7054307487606468,1.4245437595868837,0.7535529713662928,-2.1342567148734677,0.7883465663029166,1.701254927814753,0,0,0,0,0,0,0,0,0,0,1,0,0,0,0,-0.3331586228142598,9.144382853671283,17.35
Mexico,2017,0.5571168606759938,-0.5108907808122523,0.20119716792288192,1.4399799646161062,1.4132231230734686,-0.7890642077582245,0.417527695482897,-1.0259682240637806,0,0,0,0,0,0,0,0,0,0,1,0,0,0,0,-0.2888585706720912,9.323062978628494,6.35
Mexico,2018,0.33382570676712253,-0.4734090433146982,1.063165280866539,-1.2656644524378964,-0.7014408955832011,-0.6209151443688191,-0.5600856912244263,-0.30697302947762184,0,0,0,0,0,0,0,0,0,0,1,0,0,0,0,-0.49745805138150434,8.481696445705433,9.25
Mexico,2019,0.2868170427863073,1.3007265315695404,0.8918608770305222,1.1476531609733844,0.4231709053371594,0.8924264261358295,0.8068072460190644,-1.4771996910109562,0,0,0,0,0,0,0,0,0,0,1,0,0,0,0,-0.596469936255482,8.082341250710279,4.53
Mexico,2020,0.056810365451604956,-1.0356351057780127,-0.4548095808711133,-2.312091331313167,-1.4508174360797446,1.565022679693451,0.5716342392003076,1.2177926417999219,0,0,0,0,0,0,0,0,0,0,1,0,0,0,0,-0.48352999376822314,8.53787396592066,15.4
Mexico,2021,2.10168724861706,0.18876831914209521,-0.5642265555756212,0.1831563394133673,-0.2561908926896343,1.2287245529146402,-0.18284571441618147,-0.3392038485452774,0,0,0,0,0,0,0,0,0,0,1,0,0,0,0,-0.3273761404050237,9.167705956680946,9.12
Mexico,2022,1.3999150506177491,-0.6608177308024697,0.415575222434429,0.9824527863946193,-1.1499728395300373,-1.1253623345370354,-1.2583809674439426,0.585572729318989,0,0,0,0,0,0,0,0,0,0,1,0,0,0,0,-0.426473050737191,8.768007819437209,12.85
Mexico,2023,0.023232748322451473,-0.3484699183228503,0.12841755126422735,0.6247133424350004,-1.0296350009101545,-1.9661076514840623,-1.3105524535982744,-0.1830083407558703,0,0,0,0,0,0,0,0,0,0,1,0,0,0,0,-0.512628441919678,8.420508091607982,9.75
Russia,2000,-1.4877600224894607,2.337721269001877,-1.700479754430126,-0.16374648864109423,0.8082519889207851,-1.4616604613158461,-0.09054231583544088,-0.14581893413934477,0,0,0,0,0,0,0,0,0,0,0,1,0,0,0,-0.5229083433738344,8.379045068709459,9.9
Russia,2001,1.1396885178668086,1.0883300190833987,-0.8607911159738122,0.9133711093463609,0.03699584140244408,0.21983017257820783,0.23853936606111306,-0.6664706267707012,0,0,0,0,0,0,0,0,0,0,0,1,0,0,0,-0.37843117858696385,8.961780226102388,7.8
Russia,2002,0.7955179422929846,-0.02362819334404643,0.3804231626877319,-1.060627306535209,0.07856709474385845,-0.6612709195822765,0.030656059692314157,-0.9367136481841195,0,0,0,0,0,0,0,0,0,0,0,1,0,0,0,-0.32825526968908747,9.164160070779367,6.71
Russia,2003,-0.6097053345620939,1.338208269067094,-0.7353725275930615,0.4719227896493902,-1.0055674331861777,0.8924264261358295,0.7883465663029166,-0.004499188996547971,0,0,0,0,0,0,0,0,0,0,0,1,0,0,0,-0.6473267304300316,7.8772151188296835,10.47
Russia,2004,2.0378897760716677,-0.2860003558269267,0.5086539158482185,0.08968576737485925,0.11357446597873352,-0.28461701759000835,-0.22699081808523114,-1.8937210451160413,0,0,0,0,0,0,0,0,0,0,0,1,0,0,0,-0.23446561608333383,9.542451883443343,2.8499999999999996
Russia,2005,-0.7238692328012161,-0.2860003558269267,-0.19834807455014006,0.7671949754033978,1.7217255820808048,1.9013208064722618,-0.16679294944561765,-2.2036327669204203,0,0,0,0,0,0,0,0,0,0,0,1,0,0,0,-0.34303332983387413,9.104554144700058,1.5999999999999996
Russia,2006,0.7501881591686267,-0.6608177308024697,0.17363003149054243,0.8973397068275594,-0.4848327860674118,-0.11646795420060296,-1.1002612324838912,-0.9962166987705603,0,0,0,0,0,0,0,0,0,0,0,1,0,0,0,-0.370880727936191,8.992234263976513,6.47
Russia,2007,0.728362708034677,0.9633908940915509,0.17931377298198042,0.5615138086525903,0.306115007770546,0.5561282993570186,1.3550091697638114,-0.1259845839438645,0,0,0,0,0,0,0,0,0,0,0,1,0,0,0,-0.4194374047577014,8.79638544072613,9.98
Russia,2008,0.34222011104941047,-0.03612210584323094,-0.7700294879067066,0.8435195196078079,-0.1358530540697512,0.27700085413060566,-0.34176808762476085,0.09715185575528831,0,0,0,0,0,0,0,0,0,0,0,1,0,0,0,-0.3691201029286235,8.999335580592245,10.88
Russia,2009,1.038955666479348,-0.22353079333100245,-0.6617611438868793,1.1837051069167275,-1.4508174360797446,1.9013208064722618,0.7602542276044301,0.5731762604468141,0,0,0,0,0,0,0,0,0,0,0,1,0,0,0,-0.45894193461366317,8.637047607253919,12.8
Russia,2010,-0.0019504645244134886,1.4006778315630186,0.1432705342557895,-1.079761970671099,-1.1937320535736313,-1.797958588094657,-2.016874112303073,0.16409278766503402,0,0,0,0,0,0,0,0,0,0,0,1,0,0,0,-0.5642245353784077,8.212400065077375,11.15
Russia,2011,-0.8632163438872035,0.6135613441143773,0.3215063301545354,0.04255105562120925,0.18796512985284294,0.3039047042729105,0.5595946654723851,-1.3160455956726793,0,0,0,0,0,0,0,0,0,0,0,1,0,0,0,-0.5240919019730228,8.37427129558345,5.18
Russia,2012,-0.41327627435654557,1.5880865190507896,2.1751586075014924,1.3632681627941559,1.524809118884633,-1.797958588094657,-1.442987764605424,-0.5920918135376504,0,0,0,0,0,0,0,0,0,0,0,1,0,0,0,-0.5200313217354342,8.390649266921331,8.1
Russia,2013,-0.8581797013178306,0.1512865816445406,1.1408958918557144,-1.1540771606275582,0.0862249572014874,0.38797923596761325,-0.8265615897357819,0.022773042522237223,0,0,0,0,0,0,0,0,0,0,0,1,0,0,0,-0.5185214032600944,8.396739382142485,10.58
Russia,2014,-1.7563809595226894,1.8379647690344854,-0.5181823083017785,-0.6307540918096324,-0.38965649552259524,-0.7890642077582245,0.8525576261851707,-0.19540480962804563,0,0,0,0,0,0,0,0,0,0,0,1,0,0,0,-0.6519411782867861,7.858603174152792,9.7
Russia,2015,0.33382570676712253,-0.43592730581714356,0.015198212913879423,-1.0683661855694528,1.1397280353010075,-0.7890642077582245,-0.8875620966239237,0.5558212040257688,0,0,0,0,0,0,0,0,0,0,0,1,0,0,0,-0.188425967211181,9.728148509421619,12.73
Russia,2016,0.3707610856091913,-0.5733603433081764,-1.200765994662009,0.9717064187360298,0.6135234864267927,1.1177461710776326,-0.20933277661761127,-0.8400211909811535,0,0,0,0,0,0,0,0,0,0,0,1,0,0,0,-0.23654672805265964,9.534057912584444,7.1
Russia,2017,0.38419213246085243,-0.7232872932983934,0.42349681336326217,0.8317786414669925,-0.2529089516363646,0.21983017257820783,-2.257665586861527,-0.8028317843646279,0,0,0,0,0,0,0,0,0,0,0,1,0,0,0,-0.3716218037956738,8.989245203675859,7.25
Russia,2018,0.006443939757874435,-0.598348168306546,-0.6597807461546711,1.2181125776105968,1.027048059138754,0.5561282993570186,-0.022318064710545454,-1.782152825266465,0,0,0,0,0,0,0,0,0,0,0,1,0,0,0,-0.24543868647725198,9.498193028332803,3.3
Russia,2019,-1.261111106867674,1.7130256440426381,1.475088009165863,-0.45815653111876004,0.44723847306113584,-0.6209151443688191,-0.13468741950449056,0.6103656670633392,0,0,0,0,0,0,0,0,0,0,0,1,0,0,0,-0.6295095259590369,7.949079149848174,12.95
Russia,2020,0.3774766090350219,0.6260552566135619,-0.017418937735591125,-0.4295667995791873,0.16170960142668644,-0.45276608097941373,-0.6917183639830479,-0.9391929419585545,0,0,0,0,0,0,0,0,0,0,0,1,0,0,0,-0.3579928893163684,9.044216157984858,6.7
Russia,2021,0.9466172193741755,2.337721269001877,-1.5163027653347554,1.9440734150455565,-1.0569845096874007,1.565022679693451,1.5588792848899695,1.9863737118747813,0,0,0,0,0,0,0,0,0,0,0,1,0,0,0,-0.5498973452183185,8.270187449161593,18.5
Russia,2022,-1.2023502768916552,-0.19854296833263288,0.6416772315206494,0.2678531581605329,-0.885229594566295,0.5561282993570186,-0.11060827204864537,1.4830770756644698,0,0,0,0,0,0,0,0,0,0,0,1,0,0,0,-0.5940773476900496,8.091991533343595,16.47
Russia,2023,1.8532128818613225,0.33869526913231207,-1.4430280492430487,1.1098698215857352,0.004176430869749044,1.9013208064722618,1.5588792848899695,0.2260751320259098,0,0,0,0,0,0,0,0,0,0,0,1,0,0,0,-0.21825620206583185,9.607831041753034,11.4
South Africa,2000,1.049028951618094,-0.07360384334078501,0.9549563487786784,-0.5394247885516014,-0.2354052660189271,-0.40568434323038033,-0.6636260252845615,0.8682122196045826,0,0,0,0,0,0,0,0,0,0,0,0,1,0,0,-0.44598518561271927,8.689307444851812,13.99
South Africa,2001,0.31200025563317224,-0.598348168306546,-0.4062898364320102,0.7919236479074684,0.5128772941265267,0.8083518944411268,-0.564098882467067,-1.4846375723342613,0,0,0,0,0,0,0,0,0,0,0,0,1,0,0,-0.37918892073202226,8.958723943894642,4.5
South Africa,2002,1.836424073296746,0.026347456652692718,1.3216071849197206,-1.509520253654398,0.10263466246783493,0.21983017257820783,-0.23501720057051306,-1.211915257146408,0,0,0,0,0,0,0,0,0,0,0,0,1,0,0,-0.36247293344063625,9.026146318216519,5.6
South Africa,2003,0.5554379798195364,-1.3729707432560019,-0.33994651240303264,0.6680429560133497,-0.34261534042573194,0.3308085544152154,-0.12104256927951135,-0.6739085080940064,0,0,0,0,0,0,0,0,0,0,0,0,1,0,0,-0.36506969320000504,9.015672530131601,7.77
South Africa,2004,0.7199683037523885,1.0258604565874752,-1.3920328076386854,0.1898052409685493,-1.125905271806061,-0.7049896760635218,1.137494204412675,-0.19540480962804563,0,0,0,0,0,0,0,0,0,0,0,0,1,0,0,-0.5038622279340634,8.455865797403103,9.7
South Africa,2006,-1.815141789498708,1.2757387065711703,2.0395013628452245,-1.608567132718483,-0.27478855865816143,0.5561282993570186,-0.06244997713695446,0.8087091690181418,0,0,0,0,0,0,0,0,0,0,0,0,1,0,0,-0.8342535723048128,7.12326315153054,13.75
South Africa,2007,-0.4636427000502755,-2.2850263556964907,-0.2171618530061188,1.9196201423401247,-0.6959709938277518,-0.11646795420060296,1.7755916119925779,0.07731750555980804,0,0,0,0,0,0,0,0,0,0,0,0,1,0,0,-0.4274460234400008,8.764083424866293,10.8
South Africa,2008,-1.9578466622976112,1.4631473940589423,-1.280635435201969,0.19105877773473007,0.27767151864221024,-0.45276608097941373,2.209016266197795,-2.4019762688752224,0,0,0,0,0,0,0,0,0,0,0,0,1,0,0,-0.6358825368510308,7.923374205328454,0.8000000000000007
South Africa,2009,0.45974177100144853,-1.7477881182315453,-0.05807650317782721,-0.725388045242578,-1.7604138754381704,0.44514991752001104,1.2402319002242816,0.5235903849581133,0,0,0,0,0,0,0,0,0,0,0,0,1,0,0,-0.44684298279252754,8.685847600001422,12.6
South Africa,2010,-1.1939558726093666,0.026347456652692718,0.42943800655988706,1.6146926406134567,-1.675083408053163,0.38797923596761325,-0.9292992855473889,0.23847160089808467,0,0,0,0,0,0,0,0,0,0,0,0,1,0,0,-0.7861031361307935,7.317473441051359,11.45
South Africa,2011,-0.3679464912321877,-0.6233359933049156,-0.1537891255754536,1.0391509845995075,-0.15226275933609873,-1.3506820794788386,0.25057893978903567,-0.5425059380489495,0,0,0,0,0,0,0,0,0,0,0,0,1,0,0,-0.44342230448642983,8.699644586632735,8.3
South Africa,2012,0.1306811231357431,0.5136100441208991,-0.2658796372184425,-0.18739330211674482,-0.9169550247479005,0.018051296510921473,-0.2855834102277886,-0.23011492247013576,0,0,0,0,0,0,0,0,0,0,0,0,1,0,0,-0.5499828589517373,8.269842537500457,9.56
South Africa,2013,0.056810365451604956,-1.8227515932266538,-1.6608717997859603,0.1992072440782707,-1.2287394248085064,-0.5637444628164213,0.8019914165278957,-0.021854245417593253,0,0,0,0,0,0,0,0,0,0,0,0,1,0,0,-0.32918865589982094,9.160395344628888,10.4
South Africa,2014,-0.4082396317871724,0.6510430816119315,0.24492434985004077,-0.3277659907831802,-0.5668813123991502,-0.11646795420060296,-0.48945352535394626,-0.1582154030115201,0,0,0,0,0,0,0,0,0,0,0,0,1,0,0,-0.5916341881653855,8.101845789220235,9.85
South Africa,2015,0.6914273291926082,0.4011648316282363,0.6809485185503396,0.16107397258405323,-0.31635981199957547,-0.11646795420060296,0.22810506883024653,-0.5672988757933002,0,0,0,0,0,0,0,0,0,0,0,0,1,0,0,-0.4865845447360959,8.52555371973052,8.2
South Africa,2016,-0.12115100533290891,-0.8107446807926871,-0.18983236430164452,0.16420415696563614,-0.27588253900925147,-0.2509872049121274,0.5443445387503498,-0.7606837901992324,0,0,0,0,0,0,0,0,0,0,0,0,1,0,0,-0.4104849507902122,8.832494328102856,7.42
South Africa,2017,0.2918536853556805,-0.41093948081877396,0.44231059181924093,1.5275833593988897,0.026056037891545862,-1.1253623345370354,-0.4236371889746355,-0.5053165314324244,0,0,0,0,0,0,0,0,0,0,0,0,1,0,0,-0.42062422648748576,8.79159850606747,8.45
South Africa,2018,2.3568771387986267,1.8379647690344854,-1.7440485045387084,-2.1248915289343,-1.0788641167091975,-2.1342567148734677,1.2699295154198247,-1.1127435061690067,0,0,0,0,0,0,0,0,0,0,0,0,1,0,0,-0.2873958024472474,9.328962917715693,6.0
South Africa,2019,1.164871730713674,-2.160087230704643,0.5096441147143227,-0.014871247578747826,-0.6412719762732596,0.21983017257820783,1.8398026718748326,-1.9061175139882165,0,0,0,0,0,0,0,0,0,0,0,0,1,0,0,-0.26980256279260484,9.399923607554282,2.8
South Africa,2020,-0.25210371213660815,0.013853544153508209,-1.0148660595396168,-0.5295257398220673,-0.3087019495419469,-0.7218045824024624,0.3870274420388265,0.012855867424496872,0,0,0,0,0,0,0,0,0,0,0,0,1,0,0,-0.4063454972088367,8.849190427710168,10.54
South Africa,2021,-0.9723435995569528,0.05133528165106229,1.6826931034332575,0.21072939162965795,-0.7725496184040409,0.21983017257820783,-0.07047635962223638,-0.8325833096578483,0,0,0,0,0,0,0,0,0,0,0,0,1,0,0,-0.6935469003984798,7.690790377860935,7.13
South Africa,2022,0.42952191558521036,-0.3109881808252962,0.013059383363094616,0.310299548837368,0.811533929974054,0.8924264261358295,-1.455027338333347,0.5235903849581133,0,0,0,0,0,0,0,0,0,0,0,0,1,0,0,-0.3286779678182912,9.162455157333603,12.6
South Africa,2023,-0.043922485935855494,-0.41093948081877396,-0.8855460876264158,0.8827524073999209,1.2239645223349258,0.5561282993570186,-0.7045605759594985,1.1186208908225206,0,0,0,0,0,0,0,0,0,0,0,0,1,0,0,-0.2761322194099174,9.374393528454418,15.0
UK,2000,0.5587957415324516,0.6635369941111166,-0.8880215847916761,0.5742278114107862,0.06106340912642093,0.6402028310517213,0.8437286054513607,0.1244240872740735,0,0,0,0,0,0,0,0,0,0,0,0,0,1,0,0.465963600172806,12.367567742961647,10.99
UK,2001,-0.6231363814137556,-0.6608177308024697,-0.8771293972645305,-0.7153930924786939,0.32143073268580385,-0.11646795420060296,0.8541629026822273,0.6847444802963903,0,0,0,0,0,0,0,0,0,0,0,0,0,1,0,0.530502835648698,12.62788072459126,13.25
UK,2002,-0.010344868806702009,-0.5358786058106219,-0.3914368534404481,0.3330382319645396,-1.4344077308133971,1.0605754895252348,1.1976920730522884,1.329360861649498,0,0,0,0,0,0,0,0,0,0,0,0,0,1,0,0.3430711018633268,11.871892322901822,15.85
UK,2003,-1.8235361937809966,0.1512865816445406,-1.4153024809921326,-0.36601015227585504,-1.2210815623508775,1.0605754895252348,-1.4349613821201426,-0.24499068511674607,0,0,0,0,0,0,0,0,0,0,0,0,0,1,0,0.22472874888093752,11.394569489268052,9.5
UK,2004,-0.7490524456480813,-0.7857568557943175,0.2620943981882868,-0.17737826676522256,0.4012912983153626,-1.236340716374043,-1.3386447922967606,-0.6243226326053057,0,0,0,0,0,0,0,0,0,0,0,0,0,1,0,0.489622394465723,12.462993281221259,7.97
UK,2005,-0.08253674563438221,0.5510917816184537,-0.0012985001954154674,-0.6716742055822145,-0.09756374178160648,-0.9000425895952321,-1.8282541238989507,-0.09623305865064434,0,0,0,0,0,0,0,0,0,0,0,0,0,1,0,0.4220721771909961,12.190535785577687,10.1
UK,2006,-0.5845221217152289,-0.18604905583344838,0.3155651369579105,-0.5210884347937552,-0.34808524218118125,0.47205376766231594,0.17673622092444294,0.35499840829653123,0,0,0,0,0,0,0,0,0,0,0,0,0,1,0,0.3671794063874785,11.969130918717862,11.92
UK,2007,-1.311477532561404,-0.5358786058106219,-0.6578003484224627,1.3368875198298407,1.7217255820808048,-0.7890642077582245,0.17834149742149957,-0.17061187188369498,0,0,0,0,0,0,0,0,0,0,0,0,0,1,0,0.5631802620981183,12.75968207377533,9.8
UK,2009,-0.7574468499303698,-0.4734090433146982,-1.0756642699184114,0.23908734263964526,-0.7506700113822441,-0.28461701759000835,0.3990670157667491,0.8954844511233678,0,0,0,0,0,0,0,0,0,0,0,0,0,1,0,0.42015066148264335,12.182785531339297,14.1
UK,2010,-0.09428891162958601,1.5880865190507896,-1.617303049677378,2.1001781027996627,-0.5209341376533765,-0.11646795420060296,0.7241355064206618,0.0029386923267569615,0,0,0,0,0,0,0,0,0,0,0,0,0,1,0,0.33712543062302736,11.847911012975553,10.5
UK,2011,-0.06910569878272105,0.33869526913231207,0.08435370172259296,-0.8350026152893592,0.2503220098649641,0.8083518944411268,0.5058179028209969,-1.1995187882742326,0,0,0,0,0,0,0,0,0,0,0,0,0,1,0,0.45216248627285616,12.311902238364093,5.65
UK,2012,-0.7490524456480813,-1.3479829182576324,1.5810392878390063,0.4390417453231212,0.7043238555672495,-0.11646795420060296,1.9240796879702913,-0.8772105975976787,0,0,0,0,0,0,0,0,0,0,0,0,0,1,0,0.47599825938872975,12.408041604185334,6.95
UK,2014,-0.5224035300262946,-1.260525530763339,-0.12012236412791272,1.0507802968833744,0.2754835579400302,-0.6209151443688191,-0.4115976152467129,1.297130042581843,0,0,0,0,0,0,0,0,0,0,0,0,0,1,0,0.5402247142618899,12.667093014451533,15.720000000000002
UK,2015,-2.108945939378802,-0.1610612308350788,-1.334106173971593,-0.22862715564832473,1.4372906907974459,-0.11646795420060296,-2.374048132898113,1.143413828566871,0,0,0,0,0,0,0,0,0,0,0,0,0,1,0,0.5108266549505496,12.548518686493809,15.1
UK,2016,0.5134659584080944,-0.3859516558204044,-0.4686723649965713,1.4621529749410542,0.46146021762530415,-0.8731387394529272,0.09807767256868155,1.1062244219503452,0,0,0,0,0,0,0,0,0,0,0,0,0,1,0,0.603295622200914,12.921483634027854,14.95
UK,2017,-2.27683402502457,2.2127821440100286,-1.6272050383384193,1.7401390980321394,-0.41153610254439205,1.9013208064722618,-0.4637691014010445,0.12690338104850848,0,0,0,0,0,0,0,0,0,0,0,0,0,1,0,0.0946227968469735,10.869799276978014,11.0
UK,2018,0.8458843679867145,0.1138048441469865,-1.177159653694086,-0.8509833908254004,0.034807880700264436,0.724277362746424,0.0884460135863436,1.3367987429728034,0,0,0,0,0,0,0,0,0,0,0,0,0,1,0,0.613715376797165,12.963510741519887,15.88
UK,2019,0.026590510035366763,0.5261039566200841,-0.34836320276491783,0.584826947468943,-1.1992019553290802,-0.28461701759000835,0.45525169316372194,1.6516690523260518,0,0,0,0,0,0,0,0,0,0,0,0,0,1,0,0.35047917281996366,11.901772085570627,17.15
UK,2020,-2.025001896555918,2.337721269001877,-0.33004452374199117,-2.3090540146173373,2.1264983119840477,1.2287245529146402,-1.9807553911193048,0.39962569623636174,0,0,0,0,0,0,0,0,0,0,0,0,0,1,0,0.37130283938195596,11.985762400783425,12.1
UK,2021,-0.6852549731026897,-0.03612210584323094,1.11118992587259,-0.2181138935265204,0.16280358177777646,1.1446500212199375,1.4641679715636442,1.304567923905148,0,0,0,0,0,0,0,0,0,0,0,0,0,1,0,0.36917189469147615,11.977167434295577,15.75
UK,2022,-0.07750010306500957,-1.322995093259263,-0.30364582197165485,0.5566708105972955,0.4231709053371594,0.6671066811940262,-0.8329826957240074,1.4830770756644698,0,0,0,0,0,0,0,0,0,0,0,0,0,1,0,0.6075583692835398,12.938677026463154,16.47
UK,2023,1.7524800304738621,-0.3484699183228503,-0.4052996375659061,0.798220743840685,-0.3130778709463062,-0.45276608097941373,1.009072084648166,0.9450703266120687,0,0,0,0,0,0,0,0,0,0,0,0,0,1,0,0.6557575981231363,13.13308411664584,14.3
USA,2000,-0.7423369222222508,-0.43592730581714356,0.10881161371536513,-0.005536548350599275,0.4877157460514606,0.5561282993570186,-0.16037184345739233,0.6326793110332545,0,0,0,0,0,0,0,0,0,0,0,0,0,0,1,0.29765837254814365,11.688724318434373,13.04
USA,2001,0.7787291337284076,0.7135126441078556,0.6601543423621525,-1.6701404983175696,2.203076936560337,0.8924264261358295,1.6150639622869418,2.2095101515739337,0,0,0,0,0,0,0,0,0,0,0,0,0,0,1,0.5038683310619385,12.52045293664052,19.4
USA,2002,-1.3081197708484888,0.2137561441404648,0.45286611173191094,0.11203345717140083,-0.41153610254439205,0.6671066811940262,-0.2526752420381329,-2.111898897266324,0,0,0,0,0,0,0,0,0,0,0,0,0,0,1,0.10078562120344525,10.894656453727373,1.9700000000000006
USA,2003,-0.6567139985429091,-1.098104668273937,0.8578574479685057,0.5716564995973621,-0.4476374541303571,-0.34178769914240614,-0.46938756914074176,-0.584653932214345,0,0,0,0,0,0,0,0,0,0,0,0,0,0,1,0.2408744379137122,11.459691618800498,8.13
USA,2004,0.3590089196139875,-0.9481777182837196,0.15119212518462266,1.6275600685771872,0.8388834387513001,0.10885179074120024,-0.14271380198977246,0.6971409491685656,0,0,0,0,0,0,0,0,0,0,0,0,0,0,1,0.44406237387615466,12.279231191148048,13.3
USA,2005,1.2152381564074046,-0.6608177308024697,-2.150030039641407,1.5946010823887315,-1.0569845096874007,1.9013208064722618,-1.852333271354796,0.37483275849201153,0,0,0,0,0,0,0,0,0,0,0,0,0,0,1,0.40945553514644306,12.139647737639809,12.0
USA,2006,0.7854446571542381,-0.41093948081877396,0.7128329220388928,0.4177018982647496,0.34112237900542103,0.6906475500685431,1.4063780176696148,0.7219338869129158,0,0,0,0,0,0,0,0,0,0,0,0,0,0,1,0.38602714844064323,12.045151526874553,13.4
USA,2007,0.05177372288223232,0.9259091565939968,0.10498944609220347,-0.7324921741609606,-2.202381937278468,0.10885179074120024,-1.3145656448409155,-0.4507720683948536,0,0,0,0,0,0,0,0,0,0,0,0,0,0,1,0.0594554025516727,10.72795487492318,8.67
USA,2008,-0.06071129450043253,-0.6608177308024697,-0.5716530470714023,1.552891036961128,-0.8163088324476345,-2.4705548416522785,-0.3915316590335084,1.7880302099199785,0,0,0,0,0,0,0,0,0,0,0,0,0,0,1,0.3407846535234764,11.862670146960323,17.7
USA,2009,-1.5515574950348525,0.46363439412415997,-0.17953429609416133,0.2946627453305674,-0.08334199721743861,-1.6298095247052515,-0.8634829491680782,0.0029386923267569615,0,0,0,0,0,0,0,0,0,0,0,0,0,0,1,0.1867227526494224,11.24127585128368,10.5
USA,2011,1.836424073296746,-0.7232872932983934,-1.555910719978921,-0.45749444017981084,0.9942286486060583,0.051681109188802435,-1.0697609790398206,0.5731762604468141,0,0,0,0,0,0,0,0,0,0,0,0,0,0,1,0.7203939174689387,13.393788677002071,12.8
USA,2012,-0.1278665287587395,-0.9481777182837196,-0.4548095808711133,-0.2901973871138475,-0.07568413475980967,0.21983017257820783,0.06356422788196983,0.6302000172588195,0,0,0,0,0,0,0,0,0,0,0,0,0,0,1,0.40916708815662073,12.138484313632551,13.03
USA,2013,0.073599174016182,0.2137561441404648,-1.6272050383384193,-1.7125589380251598,-1.0898039202200958,1.565022679693451,-0.9453520505179526,1.0690350153338202,0,0,0,0,0,0,0,0,0,0,0,0,0,0,1,0.3138476222417861,11.754022145826093,14.8
USA,2014,-2.4111444935411845,0.2137561441404648,-1.3717337308835504,-0.4667595292567921,1.6013877434609225,-1.797958588094657,0.7722938013323527,0.05252456781545739,0,0,0,0,0,0,0,0,0,0,0,0,0,0,1,0.3851475590725233,12.041603785266885,10.7
USA,2015,0.013159463183705608,-0.42343339331795904,-0.4426499387953542,-0.6331502354355694,-0.39622037762913415,-0.16354969194963637,0.046708824662877985,-0.42102054310163345,0,0,0,0,0,0,0,0,0,0,0,0,0,0,1,0.3753814429221203,12.002213067429793,8.79
USA,2016,1.0523867133310092,1.1757874065776925,0.33867637849278137,0.580106955972464,-0.19602197337969277,0.7814480442988219,-0.2928071544645419,-0.31936949834979717,0,0,0,0,0,0,0,0,0,0,0,0,0,0,1,0.2793215701506222,11.614764537683099,9.2
USA,2018,-0.16144414588789358,-0.41093948081877396,-0.466691967264363,0.7938572411626613,-2.0306270221573626,-0.45276608097941373,0.5796606216855896,0.8954844511233678,0,0,0,0,0,0,0,0,0,0,0,0,0,0,1,0.19621919659670706,11.27957887146308,14.1
USA,2019,1.836424073296746,0.5885735191160079,0.36309468253090943,0.03531621240416093,-0.13475907371866158,-0.0054895723635953785,-1.0199974076310732,-0.5177130003045993,0,0,0,0,0,0,0,0,0,0,0,0,0,0,1,0.4273218450565217,12.211709830862908,8.4
USA,2020,-0.9421237441407145,0.36368309413068167,1.2711070427484092,0.28876968187278956,-0.671903426103775,-0.36869154928471104,1.0211116583760886,0.027731630071107176,0,0,0,0,0,0,0,0,0,0,0,0,0,0,1,0.11709432106788054,10.960436072232453,10.6
USA,2021,1.106110900737655,-0.5358786058106219,-0.6350257745020674,1.3948540513937024,-0.4224759060552907,-0.28461701759000835,-2.1854281444939905,1.378946737138199,0,0,0,0,0,0,0,0,0,0,0,0,0,0,1,0.4551475073346669,12.323942042168671,16.05
USA,2022,-0.43174396377757995,0.6260552566135619,0.40581186161464206,0.11585824916248263,-0.4771749236097829,0.12230371581235268,-0.08331857159868698,0.18640643163494927,0,0,0,0,0,0,0,0,0,0,0,0,0,0,1,0.20202421906014933,11.302992887677295,11.24
USA,2023,-0.6046686919927207,-0.4484212183163286,-0.34786810333186574,0.23943018328149318,-0.06912025265327074,-0.7419824700091912,-0.19006945865293537,0.18640643163494927,0,0,0,0,0,0,0,0,0,0,0,0,0,0,1,0.36206438183843925,11.948499944680893,11.24
